gene_id,gene_name
ENSG00000006327,TNFRSF12A
ENSG00000018607,ZNF806
ENSG00000026036,RTEL1-TNFRSF6B
ENSG00000053328,METTL24
ENSG00000067601,PMS2P4
ENSG00000070404,FSTL3
ENSG00000078319,PMS2P1
ENSG00000078401,EDN1
ENSG00000080947,CROCCP3
ENSG00000088340,FER1L4
ENSG00000088543,C3orf18
ENSG00000093100,XXbac-B461K10.4
ENSG00000093134,VNN3
ENSG00000099251,HSD17B7P2
ENSG00000100058,CRYBB2P1
ENSG00000100068,LRP5L
ENSG00000100181,TPTEP1
ENSG00000101342,TLDC2
ENSG00000101883,RHOXF1
ENSG00000102383,ZDHHC15
ENSG00000102678,FGF9
ENSG00000103472,RRN3P2
ENSG00000103832,GOLGA8UP
ENSG00000104499,GML
ENSG00000104970,KIR3DX1
ENSG00000105501,SIGLEC5
ENSG00000106133,NSUN5P2
ENSG00000106610,STAG3L4
ENSG00000107831,FGF8
ENSG00000108448,TRIM16L
ENSG00000108785,HSD17B1P1
ENSG00000109771,LRP2BP
ENSG00000111788,RP11-22B23.1
ENSG00000111886,GABRR2
ENSG00000112096,SOD2
ENSG00000112116,IL17F
ENSG00000112599,GUCA1B
ENSG00000113525,IL5
ENSG00000116652,DLEU2L
ENSG00000116883,RP11-268J15.5
ENSG00000117242,PINK1-AS
ENSG00000117481,NSUN4
ENSG00000118976,HIN1L
ENSG00000119737,GPR75
ENSG00000120055,C10orf95
ENSG00000120337,TNFSF18
ENSG00000120471,TP53AIP1
ENSG00000120555,SEPT7P9
ENSG00000121089,NACA3P
ENSG00000122859,NEUROG3
ENSG00000123870,ZNF137P
ENSG00000123965,PMS2P5
ENSG00000124103,FAM209A
ENSG00000124224,PPP4R1L
ENSG00000124374,PAIP2B
ENSG00000124549,BTN2A3P
ENSG00000124593,PRICKLE4
ENSG00000124835,AC105760.3
ENSG00000124915,RP11-467L20.10
ENSG00000125046,SSUH2
ENSG00000125122,LRRC29
ENSG00000125148,MT2A
ENSG00000125385,RP11-297B17.2
ENSG00000125462,C1orf61
ENSG00000125804,FAM182A
ENSG00000125841,NRSN2
ENSG00000127129,EDN2
ENSG00000127377,CRYGN
ENSG00000127561,SYNGR3
ENSG00000127589,TUBBP1
ENSG00000127743,IL17B
ENSG00000127922,SHFM1
ENSG00000127957,PMS2P3
ENSG00000128254,C22orf24
ENSG00000128438,TBC1D27
ENSG00000128692,EIF2S2P4
ENSG00000128917,DLL4
ENSG00000130165,ELOF1
ENSG00000130489,SCO2
ENSG00000130612,CYP2G1P
ENSG00000130723,PRRC2B
ENSG00000131044,TTLL9
ENSG00000131152,RP11-178L8.4
ENSG00000131401,NAPSB
ENSG00000131484,RP11-798G7.5
ENSG00000131797,CLUHP3
ENSG00000131885,KRT17P1
ENSG00000132832,RP11-445H22.3
ENSG00000132911,NMUR2
ENSG00000132967,HMGB1P5
ENSG00000133475,GGT2
ENSG00000133624,ZNF767
ENSG00000134297,PLEKHA8P1
ENSG00000134460,IL2RA
ENSG00000135502,SLC26A10
ENSG00000135747,ZNF670
ENSG00000137270,GCM1
ENSG00000137970,RPL7P9
ENSG00000138675,FGF5
ENSG00000139053,PDE6H
ENSG00000139239,RPL14P1
ENSG00000141748,ARL5C
ENSG00000143429,AC027612.6
ENSG00000143450,OAZ3
ENSG00000144158,RP11-395L14.17
ENSG00000144214,LYG1
ENSG00000144785,RP11-977G19.10
ENSG00000145075,CCDC39
ENSG00000146001,PCDHB18
ENSG00000146013,GFRA3
ENSG00000146215,CRIP3
ENSG00000146373,RNF217
ENSG00000146556,WASH2P
ENSG00000147174,ACRC
ENSG00000148156,ACTL7B
ENSG00000149531,FRG1B
ENSG00000149609,C20orf144
ENSG00000149656,LINC00266-1
ENSG00000150175,FRMPD2P2
ENSG00000150276,PPIAP26
ENSG00000150783,TEX12
ENSG00000151303,AGAP11
ENSG00000152117,AC093838.4
ENSG00000152931,PART1
ENSG00000153363,LINC00467
ENSG00000154102,C16orf74
ENSG00000154537,FAM27C
ENSG00000154608,CEP170P1
ENSG00000154874,CCDC144B
ENSG00000154898,CCDC144CP
ENSG00000155754,ALS2CR11
ENSG00000157021,FAM92A1P1
ENSG00000157306,RP11-66N24.4
ENSG00000158427,TMSB15B
ENSG00000158482,SNX29P1
ENSG00000158483,FAM86C1
ENSG00000158815,FGF17
ENSG00000159239,C2orf81
ENSG00000159860,FAM115D
ENSG00000159904,ZNF890P
ENSG00000160172,FAM86C2P
ENSG00000160318,CLDND2
ENSG00000160471,COX6B2
ENSG00000160766,GBAP1
ENSG00000160818,GPATCH4
ENSG00000161133,USP41
ENSG00000161149,TUBA3FP
ENSG00000161912,ADCY10P1
ENSG00000162543,UBXN10
ENSG00000162888,C1orf147
ENSG00000162913,C1orf145
ENSG00000162981,FAM84A
ENSG00000162997,PRORSD1P
ENSG00000163009,C2orf48
ENSG00000163016,ALMS1P
ENSG00000163046,ANKRD30BL
ENSG00000163352,LENEP
ENSG00000163597,SNHG16
ENSG00000163793,DNAJC5G
ENSG00000163806,SPDYA
ENSG00000164334,FAM170A
ENSG00000164385,C6orf195
ENSG00000164393,GPR111
ENSG00000164406,LEAP2
ENSG00000164556,FAM183B
ENSG00000164669,INTS4L1
ENSG00000165121,RP11-213G2.3
ENSG00000165178,NCF1C
ENSG00000165188,RNF183
ENSG00000165197,FIGF
ENSG00000165511,C10orf25
ENSG00000165948,IFI27L1
ENSG00000166035,LIPC
ENSG00000166104,hsa-mir-7162
ENSG00000166192,SENP8
ENSG00000166359,WDR88
ENSG00000166546,BEAN1
ENSG00000166763,STRCP1
ENSG00000167046,RP11-93B14.6
ENSG00000167100,SAMD14
ENSG00000167523,SPATA33
ENSG00000167664,TMIGD2
ENSG00000167747,C19orf48
ENSG00000167798,C3P1
ENSG00000167807,CTD-2369P2.10
ENSG00000167920,TMEM99
ENSG00000168126,OR2W6P
ENSG00000168314,MOBP
ENSG00000168405,CMAHP
ENSG00000168852,TPTE2P5
ENSG00000168992,OR7E102P
ENSG00000169040,PMCHL2
ENSG00000169246,NPIPB3
ENSG00000169314,C22orf15
ENSG00000169668,BCRP2
ENSG00000169715,MT1E
ENSG00000170089,RP11-423H2.1
ENSG00000170161,RP11-262H14.4
ENSG00000170293,CMTM8
ENSG00000170356,OR2A20P
ENSG00000170629,DPY19L2P2
ENSG00000170683,OR10A3
ENSG00000170919,TPT1-AS1
ENSG00000171084,FAM86JP
ENSG00000171101,SIGLEC17P
ENSG00000171133,OR2K2
ENSG00000171224,C10orf35
ENSG00000171357,LURAP1
ENSG00000171388,APLN
ENSG00000171462,DLK2
ENSG00000171501,OR1N2
ENSG00000171570,RAB4B-EGLN2
ENSG00000171658,RP11-443P15.2
ENSG00000171729,TMEM51
ENSG00000172014,ANKRD20A4
ENSG00000172250,SERHL
ENSG00000172460,PRSS30P
ENSG00000172538,FAM170B
ENSG00000172799,ZBTB8OSP2
ENSG00000172900,AP002387.1
ENSG00000172965,MIR4435-1HG
ENSG00000172974,AC007318.5
ENSG00000173077,DEC1
ENSG00000173209,AHSA2
ENSG00000173295,FAM86B3P
ENSG00000173366,TLR9
ENSG00000173452,TMEM196
ENSG00000173557,C2orf70
ENSG00000173699,SPATA3
ENSG00000173727,AP000769.1
ENSG00000173862,RP11-89N17.1
ENSG00000173867,RP11-97O12.7
ENSG00000174028,FAM3C2
ENSG00000174171,RP11-23P13.6
ENSG00000174236,REP15
ENSG00000174353,STAG3L3
ENSG00000174365,SNHG11
ENSG00000174370,C11orf45
ENSG00000174384,RP11-313P13.4
ENSG00000174453,VWC2L
ENSG00000174715,RP11-79L9.2
ENSG00000174792,C4orf26
ENSG00000174912,METTL15P1
ENSG00000174945,AMZ1
ENSG00000174977,AC026271.5
ENSG00000175061,FAM211A-AS1
ENSG00000175147,TMEM51-AS1
ENSG00000175164,ABO
ENSG00000175170,FAM182B
ENSG00000175202,HIGD2B
ENSG00000175449,RFESD
ENSG00000175604,RP11-276H1.3
ENSG00000175611,LINC00476
ENSG00000175676,GOLGA8EP
ENSG00000175699,LINC00521
ENSG00000175730,BAK1P1
ENSG00000175741,RWDD4P2
ENSG00000175749,EIF3KP1
ENSG00000175773,RP11-121M22.1
ENSG00000175779,C15orf53
ENSG00000175809,ZNF645
ENSG00000175841,FAM172BP
ENSG00000175886,RPL7AP66
ENSG00000175967,RP11-544L8__B.4
ENSG00000175985,PLEKHD1
ENSG00000176054,RPL23P2
ENSG00000176124,DLEU1
ENSG00000176236,C10orf111
ENSG00000176320,RP11-404O13.5
ENSG00000176593,CTD-2368P22.1
ENSG00000176659,C20orf197
ENSG00000176700,SCAND2P
ENSG00000176716,OR10AB1P
ENSG00000176753,C15orf56
ENSG00000176868,AL358781.1
ENSG00000176912,C18orf56
ENSG00000176933,TOB2P1
ENSG00000177112,MRVI1-AS1
ENSG00000177173,NAP1L4P1
ENSG00000177234,C10orf85
ENSG00000177294,FBXO39
ENSG00000177337,DLGAP1-AS1
ENSG00000177340,AC024940.1
ENSG00000177350,RPL13AP3
ENSG00000177359,RP11-551L14.1
ENSG00000177369,RP1-62O9.3
ENSG00000177406,RP11-218M22.1
ENSG00000177410,ZFAS1
ENSG00000177418,AC006001.1
ENSG00000177640,CASC2
ENSG00000177679,SRRM3
ENSG00000177699,RP11-16K12.1
ENSG00000177721,ANXA2R
ENSG00000177725,AC105206.1
ENSG00000177736,RP11-474P12.3
ENSG00000177738,CTD-2201E18.3
ENSG00000177946,CENPBD1
ENSG00000178081,ULK4P3
ENSG00000178082,TWF1P1
ENSG00000178146,RP1-232L22__B.1
ENSG00000178162,FAR2P2
ENSG00000178201,VN1R1
ENSG00000178429,RPS3AP5
ENSG00000178440,LINC00843
ENSG00000178464,CTD-2192J16.15
ENSG00000178503,NECAP1P1
ENSG00000178531,CTXN1
ENSG00000178631,ACTG1P1
ENSG00000178636,RP11-455G16.1
ENSG00000178796,RIIAD1
ENSG00000178803,ADORA2A-AS1
ENSG00000178977,LINC00324
ENSG00000179082,C9orf106
ENSG00000179219,LINC00311
ENSG00000179342,GS1-124K5.9
ENSG00000179362,HMGN2P46
ENSG00000179406,LINC00174
ENSG00000179420,OR6W1P
ENSG00000179523,EIF3J-AS1
ENSG00000179611,DGKZP1
ENSG00000179743,RP11-169K16.9
ENSG00000179774,ATOH7
ENSG00000179818,PCBP1-AS1
ENSG00000179840,C1orf200
ENSG00000179899,PHC1P1
ENSG00000179935,LINC00652
ENSG00000179967,PPP1R14BP3
ENSG00000179978,RP11-1319K7.1
ENSG00000180015,RP11-756P10.3
ENSG00000180066,C10orf91
ENSG00000180139,ACTA2-AS1
ENSG00000180152,AC079753.4
ENSG00000180189,HMGB1P14
ENSG00000180211,RP1-278E11.3
ENSG00000180221,TPT1P10
ENSG00000180229,HERC2P3
ENSG00000180279,CTD-2568A17.5
ENSG00000180385,EMC3-AS1
ENSG00000180409,OR10AA1P
ENSG00000180422,LINC00304
ENSG00000180438,TPRXL
ENSG00000180458,CTD-3064H18.4
ENSG00000180509,KCNE1
ENSG00000180581,SRP9P1
ENSG00000180610,ZBTB12P1
ENSG00000180662,RPL21P8
ENSG00000180673,EXOC5P1
ENSG00000180712,RP11-290F5.2
ENSG00000180747,CTD-2547E10.2
ENSG00000180764,PIPSL
ENSG00000180867,PDIA3P1
ENSG00000180909,OR52B1P
ENSG00000180953,ST20
ENSG00000181013,C17orf47
ENSG00000181017,OR56B2P
ENSG00000181097,RP11-429J17.2
ENSG00000181109,OR52P1P
ENSG00000181126,HLA-V
ENSG00000181201,HIST3H2BA
ENSG00000181211,HECW1-IT1
ENSG00000181227,RP4-682C21.2
ENSG00000181260,MTHFD2P7
ENSG00000181296,OR5G1P
ENSG00000181355,OFCC1
ENSG00000181514,RP3-474G15.1
ENSG00000181524,RPL24P4
ENSG00000181552,EDDM3B
ENSG00000181577,C6orf223
ENSG00000181609,OR52D1
ENSG00000181798,LINC00471
ENSG00000181800,CELF2-AS1
ENSG00000181908,AP003774.4
ENSG00000182000,RP11-651P23.2
ENSG00000182021,RP11-381O7.3
ENSG00000182040,USH1G
ENSG00000182057,Z83851.3
ENSG00000182165,TP53TG1
ENSG00000182257,C22orf26
ENSG00000182397,DNM1P46
ENSG00000182477,OR2B8P
ENSG00000182487,NCF1B
ENSG00000182518,FAM104B
ENSG00000182584,ACTL10
ENSG00000182585,EPGN
ENSG00000182600,C2orf82
ENSG00000182648,LINC01006
ENSG00000182700,IGIP
ENSG00000182796,TMEM198B
ENSG00000182841,RRP7B
ENSG00000182912,C21orf90
ENSG00000183022,TPM3P8
ENSG00000183148,ANKRD20A2
ENSG00000183154,RP11-863K10.7
ENSG00000183166,CALN1
ENSG00000183169,POM121L1P
ENSG00000183171,RP11-49C9.2
ENSG00000183199,HSP90AB3P
ENSG00000183239,RP5-1120P11.4
ENSG00000183250,C21orf67
ENSG00000183308,AC005037.3
ENSG00000183313,OR52L1
ENSG00000183318,SPDYE4
ENSG00000183397,C19orf71
ENSG00000183444,OR7E38P
ENSG00000183458,RP11-958N24.1
ENSG00000183506,PI4KAP2
ENSG00000183542,KLRC4
ENSG00000183604,RP11-347C12.2
ENSG00000183666,GUSBP1
ENSG00000183784,C9orf66
ENSG00000183822,CTA-833B7.2
ENSG00000183889,NPIPA7
ENSG00000183929,DUSP5P1
ENSG00000184055,OR7E87P
ENSG00000184068,RP5-821D11.7
ENSG00000184100,BRD7P2
ENSG00000184208,C22orf46
ENSG00000184224,C11orf72
ENSG00000184293,CLECL1
ENSG00000184319,RPL23AP82
ENSG00000184385,C21orf128
ENSG00000184414,RP11-44M6.3
ENSG00000184441,AP001062.7
ENSG00000184724,KRTAP6-1
ENSG00000184786,TCTE3
ENSG00000184906,AC129778.2
ENSG00000184945,AQP12A
ENSG00000185065,AC000068.5
ENSG00000185078,AC093698.1
ENSG00000185332,TMEM105
ENSG00000185433,LINC00158
ENSG00000185485,SDHAP1
ENSG00000185495,RP11-504P24.4
ENSG00000185523,C1orf227
ENSG00000185594,SPATA8
ENSG00000185596,WASH3P
ENSG00000185607,ACTBP7
ENSG00000185641,CTD-2287O16.1
ENSG00000185684,EP400NL
ENSG00000185710,RP11-645C24.2
ENSG00000185837,CECR5-AS1
ENSG00000185839,RP4-592A1.2
ENSG00000185924,RTN4RL1
ENSG00000185986,SDHAP3
ENSG00000186019,AC084219.4
ENSG00000186051,TAL2
ENSG00000186056,MATN1-AS1
ENSG00000186076,RP11-887P2.3
ENSG00000186082,KRT18P14
ENSG00000186118,TEX38
ENSG00000186162,CIDECP
ENSG00000186235,AC016757.3
ENSG00000186301,MST1P2
ENSG00000186312,CA5BP1
ENSG00000186369,LINC00643
ENSG00000186481,ANKRD20A5P
ENSG00000186508,OR9I2P
ENSG00000186577,C6orf1
ENSG00000186594,MIR22HG
ENSG00000186615,KTN1-AS1
ENSG00000186676,EEF1GP1
ENSG00000186704,DTX2P1
ENSG00000186715,MST1L
ENSG00000186827,TNFRSF4
ENSG00000186831,KRT17P2
ENSG00000186842,LINC00846
ENSG00000186960,C14orf23
ENSG00000187013,C17orf82
ENSG00000187066,TMEM262
ENSG00000187172,BAGE2
ENSG00000187536,TPM3P7
ENSG00000187556,NANOS3
ENSG00000187566,NHLRC1
ENSG00000187621,TCL6
ENSG00000187686,KRT18P59
ENSG00000187690,CXorf67
ENSG00000187753,C9orf153
ENSG00000187762,HSPE1P11
ENSG00000187900,OR5H7P
ENSG00000187904,AC097382.5
ENSG00000187944,C2orf66
ENSG00000187951,ARHGAP11B
ENSG00000187952,HS6ST1P1
ENSG00000187953,PMS2CL
ENSG00000187959,CPSF4L
ENSG00000187984,ANKRD19P
ENSG00000187999,HNRNPA1P61
ENSG00000188002,RP11-43F13.1
ENSG00000188185,LINC00265
ENSG00000188242,CTD-2228K2.5
ENSG00000188277,C15orf62
ENSG00000188315,C3orf62
ENSG00000188396,TCTEX1D4
ENSG00000188459,WASF4P
ENSG00000188511,C22orf34
ENSG00000188585,LINC00083
ENSG00000188599,NPIPP1
ENSG00000188655,RNASE9
ENSG00000188681,TEKT4P2
ENSG00000188693,CTB-161K23.1
ENSG00000188707,ZBED6CL
ENSG00000188729,OSTN
ENSG00000188825,LINC00910
ENSG00000188897,CTD-3088G3.8
ENSG00000188933,USP32P1
ENSG00000188958,UTS2B
ENSG00000188985,DHFRP1
ENSG00000189014,FAM35DP
ENSG00000189030,VHLL
ENSG00000189136,UBE2Q2P1
ENSG00000189149,CRYM-AS1
ENSG00000189167,ZAR1L
ENSG00000189196,LINC00994
ENSG00000189212,DPY19L2P1
ENSG00000189223,PAX8-AS1
ENSG00000189229,AC069277.2
ENSG00000189332,RP11-113D6.10
ENSG00000189343,RPS2P46
ENSG00000189366,ALG1L
ENSG00000189423,USP32P3
ENSG00000196096,AC079610.2
ENSG00000196114,RP3-391O22.3
ENSG00000196115,ADAM5
ENSG00000196167,COLCA1
ENSG00000196196,HRCT1
ENSG00000196204,RNF216P1
ENSG00000196205,EEF1A1P5
ENSG00000196295,AC005154.6
ENSG00000196301,HLA-DRB9
ENSG00000196302,RP11-497H16.5
ENSG00000196312,HIATL2
ENSG00000196366,C9orf163
ENSG00000196381,ZNF781
ENSG00000196421,LINC00176
ENSG00000196656,AC004057.1
ENSG00000196666,FAM180B
ENSG00000196668,LINC00173
ENSG00000196696,PDXDC2P
ENSG00000196741,CXorf24
ENSG00000196756,SNHG17
ENSG00000196796,CTB-134H23.2
ENSG00000196810,CTBP1-AS2
ENSG00000196826,ZNF709
ENSG00000196844,PATE2
ENSG00000196922,ZNF252P
ENSG00000196951,RP11-425I13.3
ENSG00000197085,NPSR1-AS1
ENSG00000197099,RP11-573D15.8
ENSG00000197149,RP11-452G18.2
ENSG00000197180,BX936347.1
ENSG00000197182,FLJ27365
ENSG00000197251,LINC00336
ENSG00000197254,AP000445.1
ENSG00000197258,EIF4BP6
ENSG00000197291,RAMP2-AS1
ENSG00000197301,RP11-366L20.2
ENSG00000197308,GATA3-AS1
ENSG00000197332,ZNF833P
ENSG00000197358,BNIP3P1
ENSG00000197376,OR8S1
ENSG00000197421,GGT3P
ENSG00000197536,C5orf56
ENSG00000197549,PRAMENP
ENSG00000197550,RP11-460N11.2
ENSG00000197558,SSPO
ENSG00000197568,HHLA3
ENSG00000197582,GPX1P1
ENSG00000197813,CTC-301O7.4
ENSG00000197815,AC122129.1
ENSG00000197847,SLC22A20
ENSG00000197880,MDS2
ENSG00000197927,C2orf27A
ENSG00000197989,SNHG12
ENSG00000198106,SNX29P2
ENSG00000198155,ZNF876P
ENSG00000198211,TUBB3
ENSG00000198221,MLLT4-AS1
ENSG00000198237,RP11-98J23.2
ENSG00000198406,BZW1P2
ENSG00000198416,CTD-2173L22.4
ENSG00000198417,MT1F
ENSG00000198468,FLVCR1-AS1
ENSG00000198496,NBR2
ENSG00000198590,C3orf35
ENSG00000198618,PPIAP22
ENSG00000198658,ABHD17AP2
ENSG00000198671,RP11-168J19.2
ENSG00000198673,FAM19A2
ENSG00000198685,C3orf27
ENSG00000198711,SSBP3-AS1
ENSG00000199218,RN7SKP184
ENSG00000199683,RN7SKP185
ENSG00000199691,RN7SKP173
ENSG00000199730,RN7SKP95
ENSG00000200047,RN7SKP115
ENSG00000200087,SNORA73B
ENSG00000200091,RN7SKP163
ENSG00000200131,RN7SKP77
ENSG00000200488,RN7SKP203
ENSG00000200538,U3
ENSG00000200783,RN7SKP180
ENSG00000200959,SNORA74A
ENSG00000201201,RN7SKP118
ENSG00000201564,RN7SKP50
ENSG00000201581,RN7SKP78
ENSG00000201793,RN7SKP9
ENSG00000202058,RN7SKP80
ENSG00000202392,RN7SKP292
ENSG00000202406,RN7SKP187
ENSG00000202415,RN7SKP269
ENSG00000203288,RP11-98D18.9
ENSG00000203325,RP11-277A4.4
ENSG00000203327,AC012358.7
ENSG00000203334,AP003027.1
ENSG00000203356,RP11-296A18.3
ENSG00000203392,AC105020.1
ENSG00000203395,AC015969.3
ENSG00000203396,RP11-217O12.1
ENSG00000203397,RP13-36G14.3
ENSG00000203414,BTBD7P1
ENSG00000203434,RP11-163F15.1
ENSG00000203435,AC104600.1
ENSG00000203441,LINC00449
ENSG00000203489,HMGB1P39
ENSG00000203496,RP11-291L22.4
ENSG00000203497,PDCD4-AS1
ENSG00000203506,RBMS3-AS2
ENSG00000203546,RP11-176H8.1
ENSG00000203593,RP5-1096D14.6
ENSG00000203601,LINC00970
ENSG00000203616,RHOT1P2
ENSG00000203643,AC012456.3
ENSG00000203644,AC083799.1
ENSG00000203645,LINC00501
ENSG00000203647,AC106827.1
ENSG00000203684,IBA57-AS1
ENSG00000203709,C1orf132
ENSG00000203711,C6orf99
ENSG00000203721,LINC00862
ENSG00000203739,RP11-296O14.3
ENSG00000203761,MSTO2P
ENSG00000203799,CCDC162P
ENSG00000203804,ADAMTSL4-AS1
ENSG00000203809,LINC00577
ENSG00000203812,HIST2H2AA4
ENSG00000203865,ATP1A1OS
ENSG00000203875,SNHG5
ENSG00000203876,RP11-451M19.3
ENSG00000203930,LINC00632
ENSG00000203993,C9orf37
ENSG00000204025,TRPC5OS
ENSG00000204054,LINC00963
ENSG00000204055,RP11-247A12.2
ENSG00000204177,BMS1P1
ENSG00000204194,RPL12P1
ENSG00000204196,AC011737.2
ENSG00000204241,RP11-713P17.3
ENSG00000204253,HNRNPCP2
ENSG00000204261,TAPSAR1
ENSG00000204282,TNRC6C-AS1
ENSG00000204283,FLJ45079
ENSG00000204311,DFNB59
ENSG00000204314,PRRT1
ENSG00000204338,CYP21A1P
ENSG00000204387,C6orf48
ENSG00000204398,RP11-65D24.2
ENSG00000204403,CASP12
ENSG00000204428,LY6G5C
ENSG00000204434,POTEKP
ENSG00000204584,RP11-304F15.3
ENSG00000204588,LINC01123
ENSG00000204620,AC115618.1
ENSG00000204623,ZNRD1-AS1
ENSG00000204650,CRHR1-IT1
ENSG00000204659,CBY3
ENSG00000204666,CTD-2126E3.1
ENSG00000204682,CASC10
ENSG00000204685,STARD7-AS1
ENSG00000204706,MAMDC2-AS1
ENSG00000204745,AC083899.3
ENSG00000204758,CTC-308K20.1
ENSG00000204778,RP11-15J10.1
ENSG00000204780,IGKV1OR9-1
ENSG00000204789,ZNF204P
ENSG00000204792,AC104135.3
ENSG00000204802,RP11-111F5.4
ENSG00000204866,IGFL2
ENSG00000204929,AC074391.1
ENSG00000204934,ATP6V0E2-AS1
ENSG00000204949,FAM83A-AS1
ENSG00000204959,ARHGEF34P
ENSG00000204993,AC139712.2
ENSG00000205018,RP11-830F9.6
ENSG00000205041,CTC-425O23.2
ENSG00000205056,RP11-693J15.5
ENSG00000205086,C2orf91
ENSG00000205176,REXO1L1P
ENSG00000205181,LINC00654
ENSG00000205184,SLC10A5P1
ENSG00000205231,TTLL10-AS1
ENSG00000205236,RP11-514P8.6
ENSG00000205318,GCNT6
ENSG00000205331,OR6C72P
ENSG00000205333,GOLGA2P1
ENSG00000205334,AC074091.13
ENSG00000205358,MT1H
ENSG00000205464,ATP6AP1L
ENSG00000205485,AC004980.7
ENSG00000205500,AC013472.3
ENSG00000205534,RP11-345J4.8
ENSG00000205537,RP11-89H19.1
ENSG00000205559,CHKB-AS1
ENSG00000205578,POM121B
ENSG00000205583,STAG3L1
ENSG00000205592,MUC19
ENSG00000205653,RP3-416J7.5
ENSG00000205695,RP11-15H7.2
ENSG00000205702,CYP2D7P
ENSG00000205704,LINC00634
ENSG00000205740,AL359878.1
ENSG00000205746,RP11-1212A22.1
ENSG00000205754,SLCO1B7
ENSG00000205763,RP9P
ENSG00000205771,CATSPER2P1
ENSG00000205786,AC002511.1
ENSG00000205790,AC005594.3
ENSG00000205791,LOH12CR2
ENSG00000205794,RP11-333E13.4
ENSG00000205795,CYS1
ENSG00000205822,TPTE2P6
ENSG00000205837,LINC00487
ENSG00000205853,RFPL3S
ENSG00000205861,C1QTNF9B-AS1
ENSG00000205885,C1RL-AS1
ENSG00000205913,SRRM2-AS1
ENSG00000205918,PDPK2
ENSG00000205923,CEMP1
ENSG00000205930,C21orf49
ENSG00000205940,HSP90AB2P
ENSG00000205959,RP11-689P11.2
ENSG00000206028,CTA-373H7.7
ENSG00000206120,EGFEM1P
ENSG00000206149,HERC2P9
ENSG00000206195,AP000525.9
ENSG00000206228,HNRNPA1P4
ENSG00000206337,HCP5
ENSG00000206341,HLA-H
ENSG00000206344,HCG27
ENSG00000206417,H1FX-AS1
ENSG00000206448,PPIAP30
ENSG00000206535,LNP1
ENSG00000206567,AC022007.5
ENSG00000206573,SETD5-AS1
ENSG00000210082,MT-RNR2
ENSG00000211451,GNRHR2
ENSG00000211454,AKR7L
ENSG00000211459,MT-RNR1
ENSG00000211598,IGKV4-1
ENSG00000211638,IGLV8-61
ENSG00000211639,IGLV4-60
ENSG00000211640,IGLV6-57
ENSG00000211643,IGLV5-52
ENSG00000211644,IGLV1-51
ENSG00000211669,IGLV3-10
ENSG00000211677,IGLC2
ENSG00000211679,IGLC3
ENSG00000211683,KB-1572G7.3
ENSG00000211695,TRGV9
ENSG00000211697,TRGV5
ENSG00000211698,TRGV4
ENSG00000211699,TRGV3
ENSG00000211772,TRBC2
ENSG00000211891,IGHE
ENSG00000211895,IGHA1
ENSG00000211898,IGHD
ENSG00000211899,IGHM
ENSG00000211949,IGHV3-23
ENSG00000211950,IGHV1-24
ENSG00000211956,IGHV4-34
ENSG00000212125,TAS2R15
ENSG00000212128,TAS2R13
ENSG00000212195,U3
ENSG00000212232,SNORD17
ENSG00000212402,SNORA74B
ENSG00000212443,SNORA53
ENSG00000212663,RP1-122K4.3
ENSG00000212664,RP11-592N21.1
ENSG00000212694,AC084018.1
ENSG00000212719,C17orf51
ENSG00000212743,DKFZP667F0711
ENSG00000212789,ST13P5
ENSG00000212802,RPL15P3
ENSG00000212932,RPL23AP4
ENSG00000212952,BX088651.1
ENSG00000212978,AC016747.3
ENSG00000212993,POU5F1B
ENSG00000213013,RPS15AP36
ENSG00000213025,COX20P1
ENSG00000213029,SPHAR
ENSG00000213033,AURKAPS1
ENSG00000213048,OR5S1P
ENSG00000213057,C1orf220
ENSG00000213058,RP4-765C7.2
ENSG00000213060,RP4-612B18.3
ENSG00000213062,AL021068.1
ENSG00000213071,LPAL2
ENSG00000213073,RP11-288H12.3
ENSG00000213076,yR211F11.2
ENSG00000213078,RP5-933K21.2
ENSG00000213080,RP11-312J18.5
ENSG00000213089,PDCL3P5
ENSG00000213090,AC007256.5
ENSG00000213117,RP3-352A20.1
ENSG00000213120,LIN28AP1
ENSG00000213121,AL590867.1
ENSG00000213131,YWHAZP4
ENSG00000213137,ARF1P2
ENSG00000213140,ELK2AP
ENSG00000213147,RPL23AP60
ENSG00000213149,CNN2P9
ENSG00000213152,RPL7AP60
ENSG00000213185,FAM24B
ENSG00000213188,YBX1P4
ENSG00000213197,AC012066.1
ENSG00000213204,C6orf165
ENSG00000213222,AC093724.2
ENSG00000213228,RPL12P38
ENSG00000213235,EEF1A1P16
ENSG00000213240,NOTCH2NL
ENSG00000213250,RBMS2P1
ENSG00000213252,RP11-819M15.1
ENSG00000213253,CTC-250I14.1
ENSG00000213261,AC093106.7
ENSG00000213270,RPL6P25
ENSG00000213272,RP11-613M5.1
ENSG00000213279,RP1-29C18.9
ENSG00000213290,PGK1P2
ENSG00000213300,HNRNPA3P6
ENSG00000213304,CTC-398G3.1
ENSG00000213305,HNRNPCP6
ENSG00000213326,RPS7P11
ENSG00000213338,ATF4P1
ENSG00000213362,FTH1P12
ENSG00000213363,RPS3P6
ENSG00000213385,RP11-577H5.1
ENSG00000213411,RBM22P2
ENSG00000213430,HSPD1P1
ENSG00000213433,RP11-54C4.1
ENSG00000213434,VTI1BP2
ENSG00000213442,RPL18AP3
ENSG00000213453,FTH1P3
ENSG00000213468,RP11-453F18__B.1
ENSG00000213492,NT5C3AP1
ENSG00000213500,LAP3P2
ENSG00000213509,PPIAP16
ENSG00000213513,RP13-39P12.2
ENSG00000213522,RAC1P5
ENSG00000213526,SETP8
ENSG00000213538,KRT8P41
ENSG00000213542,RP11-467H10.1
ENSG00000213549,AC005077.8
ENSG00000213553,RPLP0P6
ENSG00000213569,RP13-383K5.4
ENSG00000213578,CPLX3
ENSG00000213590,RP11-229P13.2
ENSG00000213598,RP11-112J1.1
ENSG00000213599,SLX1A-SULT1A3
ENSG00000213600,U73169.1
ENSG00000213601,KRT18P19
ENSG00000213608,SLC25A14P1
ENSG00000213609,RP11-170M17.2
ENSG00000213613,RP11-380G5.3
ENSG00000213621,RPSAP54
ENSG00000213693,SEC14L1P1
ENSG00000213700,RPL17P50
ENSG00000213701,SETP22
ENSG00000213703,RP5-849H19.2
ENSG00000213706,AL590762.7
ENSG00000213711,PHBP7
ENSG00000213713,PIGCP1
ENSG00000213717,AC004692.5
ENSG00000213726,RPS2P52
ENSG00000213735,ANAPC10P1
ENSG00000213740,SERBP1P1
ENSG00000213742,ZNF337-AS1
ENSG00000213750,KB-1683C8.1
ENSG00000213753,CENPBD1P1
ENSG00000213754,RP11-284B18.3
ENSG00000213763,ACTBP2
ENSG00000213777,CTD-2224J9.8
ENSG00000213801,ZNF816-ZNF321P
ENSG00000213820,RPL13P2
ENSG00000213830,CFL1P5
ENSG00000213839,RP11-3J10.4
ENSG00000213842,SUGT1P2
ENSG00000213846,AC098614.2
ENSG00000213854,CNN2P6
ENSG00000213857,RP11-12M9.4
ENSG00000213865,C8orf44
ENSG00000213866,YBX1P10
ENSG00000213876,RPL7AP64
ENSG00000213881,NPM1P6
ENSG00000213888,AC005003.1
ENSG00000213896,RP11-546M4.1
ENSG00000213904,LIPE-AS1
ENSG00000213917,RPL5P8
ENSG00000213950,RPS10P2
ENSG00000213963,AC074286.1
ENSG00000213976,CTD-2561J22.2
ENSG00000213979,RPL7AP14
ENSG00000213985,AC078899.1
ENSG00000213997,PGAM1P7
ENSG00000214018,RRM2P3
ENSG00000214019,RP6-218J18.2
ENSG00000214027,ARPC3P5
ENSG00000214067,RP11-549L6.2
ENSG00000214070,AC011999.1
ENSG00000214077,GNAQP1
ENSG00000214093,RP11-247I13.3
ENSG00000214106,PAXIP1-AS2
ENSG00000214110,LDHAP4
ENSG00000214124,SNRPEP9
ENSG00000214135,AC024560.3
ENSG00000214140,PRCD
ENSG00000214146,RP11-699L21.1
ENSG00000214174,AMZ2P1
ENSG00000214176,PLEKHM1P
ENSG00000214178,PPIAP23
ENSG00000214182,PTMAP5
ENSG00000214184,AC012487.2
ENSG00000214185,XPOTP1
ENSG00000214188,ST7-OT4
ENSG00000214189,ZNF788
ENSG00000214190,RP11-12D24.7
ENSG00000214198,RP11-642P15.1
ENSG00000214199,EEF1A1P12
ENSG00000214203,RPS4XP1
ENSG00000214216,IQCJ
ENSG00000214223,HNRNPA1P10
ENSG00000214243,AC004980.10
ENSG00000214244,SETP21
ENSG00000214248,AC010336.1
ENSG00000214249,CTAGE11P
ENSG00000214253,FIS1
ENSG00000214264,RP11-356J5.5
ENSG00000214265,SNURF
ENSG00000214269,LGMNP1
ENSG00000214273,AGGF1P1
ENSG00000214293,RSBN1L-AS1
ENSG00000214295,FOXO1B
ENSG00000214300,SPDYE3
ENSG00000214301,RP11-91K8.4
ENSG00000214313,AZGP1P1
ENSG00000214331,RP11-252A24.2
ENSG00000214335,CTAGE16P
ENSG00000214344,OR4F13P
ENSG00000214359,RPL18P10
ENSG00000214369,AC009967.3
ENSG00000214389,RPS3AP26
ENSG00000214391,RP11-121L10.3
ENSG00000214401,KANSL1-AS1
ENSG00000214413,BBIP1
ENSG00000214424,FAM149B1P1
ENSG00000214425,LRRC37A4P
ENSG00000214429,CYCSP6
ENSG00000214432,AC068831.10
ENSG00000214439,FAM185BP
ENSG00000214455,RCN1P2
ENSG00000214460,TPT1P6
ENSG00000214465,SMARCE1P6
ENSG00000214485,RPL7P1
ENSG00000214514,KRT42P
ENSG00000214534,ZNF705E
ENSG00000214535,RPS15AP1
ENSG00000214544,GTF2IRD2P1
ENSG00000214552,COPS8P2
ENSG00000214553,LRRC37A11P
ENSG00000214607,ADAM24P
ENSG00000214626,POLR3DP1
ENSG00000214629,RPSAP6
ENSG00000214646,RP11-114H24.4
ENSG00000214659,KRT8P26
ENSG00000214688,C10orf105
ENSG00000214691,AC104654.1
ENSG00000214719,AC005562.1
ENSG00000214745,RP11-54I5.1
ENSG00000214765,SEPT7P2
ENSG00000214770,RP11-544I20.2
ENSG00000214773,RP11-717D12.1
ENSG00000214776,RP11-726G1.1
ENSG00000214783,POLR2J4
ENSG00000214796,RP11-480I12.5
ENSG00000214797,RP11-1036E20.9
ENSG00000214812,RP5-1053E7.3
ENSG00000214820,MPRIPP1
ENSG00000214825,EI24P3
ENSG00000214826,DDX12P
ENSG00000214832,UPF3AP2
ENSG00000214835,RPL23AP6
ENSG00000214837,RP11-261C10.3
ENSG00000214870,AC004540.5
ENSG00000214875,MED28P1
ENSG00000214890,CTD-2299I21.1
ENSG00000214892,USP8P1
ENSG00000214894,LINC00243
ENSG00000214900,C14orf182
ENSG00000214919,AC104472.1
ENSG00000214922,HLA-F-AS1
ENSG00000214946,TBC1D26
ENSG00000214955,AP000318.2
ENSG00000214973,CHCHD3P3
ENSG00000214975,PPIAP29
ENSG00000214992,AKAP17BP
ENSG00000214998,AC006465.4
ENSG00000214999,AC129492.6
ENSG00000215000,RP1-31B8.1
ENSG00000215004,MESTP4
ENSG00000215014,AL645728.1
ENSG00000215022,RP1-257A7.4
ENSG00000215030,RPL13P12
ENSG00000215032,GNL3LP1
ENSG00000215039,CD27-AS1
ENSG00000215067,AC027763.2
ENSG00000215068,AC025171.1
ENSG00000215070,XRCC6P5
ENSG00000215096,IFITM8P
ENSG00000215097,DUSP8P3
ENSG00000215105,TTC3P1
ENSG00000215117,LINC00588
ENSG00000215120,AL590763.5
ENSG00000215146,RP11-313J2.1
ENSG00000215149,KRT18P32
ENSG00000215154,AC141586.5
ENSG00000215158,RP11-1023L17.1
ENSG00000215184,RP11-8L18.2
ENSG00000215190,LINC00680
ENSG00000215196,AC091878.1
ENSG00000215210,RBMXP2
ENSG00000215221,UBA52P6
ENSG00000215241,RP11-266K4.9
ENSG00000215244,RP11-563J2.2
ENSG00000215246,RP11-43F13.3
ENSG00000215256,DHRS4-AS1
ENSG00000215271,HOMEZ
ENSG00000215278,RPS7P6
ENSG00000215284,RP11-198M15.1
ENSG00000215297,RP11-62E14.2
ENSG00000215302,CTD-3092A11.1
ENSG00000215349,MRPL3P1
ENSG00000215374,FAM66B
ENSG00000215386,LINC00478
ENSG00000215388,ACTG1P3
ENSG00000215414,PSMA6P1
ENSG00000215417,MIR17HG
ENSG00000215418,PEX12P1
ENSG00000215424,MCM3AP-AS1
ENSG00000215458,AP001053.11
ENSG00000215480,OR7E37P
ENSG00000215481,BCRP3
ENSG00000215483,LINC00598
ENSG00000215492,HNRNPA1P7
ENSG00000215498,FAM230B
ENSG00000215512,AP005901.1
ENSG00000215515,IFIT1P1
ENSG00000215533,LINC00189
ENSG00000215559,ANKRD20A11P
ENSG00000215571,GRK6P1
ENSG00000215572,ESRRAP1
ENSG00000215595,C20orf202
ENSG00000215604,ZNF962P
ENSG00000215630,GUSBP9
ENSG00000215769,hsa-mir-6080
ENSG00000215790,SLC35E2
ENSG00000215795,RP11-488L18.3
ENSG00000215808,LINC01139
ENSG00000215833,QRSL1P1
ENSG00000215835,RP11-9L18.2
ENSG00000215837,SDHAP2
ENSG00000215838,RP11-466F5.6
ENSG00000215840,RP11-122G18.7
ENSG00000215859,RP6-74O6.2
ENSG00000215861,WI2-1896O14.1
ENSG00000215869,RP11-364B6.1
ENSG00000215874,CAPNS1P1
ENSG00000215878,MARCKSL1P2
ENSG00000215908,CROCCP2
ENSG00000216285,RP11-490H24.5
ENSG00000216306,KRT19P2
ENSG00000216316,RP3-354N19.3
ENSG00000216331,HIST1H1PS1
ENSG00000216629,OR2W4P
ENSG00000216721,AC093850.1
ENSG00000216775,RP1-152L7.5
ENSG00000216802,RP11-390P2.2
ENSG00000216809,RP11-57K17.1
ENSG00000216813,RP11-812I20.2
ENSG00000216854,RPL17P26
ENSG00000216863,LY86-AS1
ENSG00000216895,AC009403.2
ENSG00000216901,AL022393.7
ENSG00000216915,RP1-97D16.1
ENSG00000216977,RPL21P65
ENSG00000216990,HSPD1P10
ENSG00000217159,LARP1P1
ENSG00000217241,CBX3P9
ENSG00000217325,PRELID1P1
ENSG00000217404,RPS4XP9
ENSG00000217512,RP11-477E3.2
ENSG00000217527,RPS16P5
ENSG00000217539,IQCB2P
ENSG00000217585,RP1-13D10.5
ENSG00000217624,RP11-204C16.4
ENSG00000217643,PTGES3P2
ENSG00000217644,RP4-803A2.1
ENSG00000217648,RP1-95L4.4
ENSG00000217702,MGC10955
ENSG00000217746,RP1-303A1.1
ENSG00000217767,RP11-160A9.2
ENSG00000217783,LDHAL6FP
ENSG00000217801,RP11-465B22.3
ENSG00000217835,RP6-159A1.2
ENSG00000217929,CICP18
ENSG00000218016,ZNF192P2
ENSG00000218018,RP4-800J21.3
ENSG00000218020,PRKRIRP5
ENSG00000218027,RP11-157J24.1
ENSG00000218052,ADAMTS7P4
ENSG00000218073,RP1-13D10.2
ENSG00000218226,TATDN2P2
ENSG00000218227,RP11-889L3.1
ENSG00000218233,NEPNP
ENSG00000218283,MORF4L1P1
ENSG00000218358,RAET1K
ENSG00000218418,RP11-296E7.1
ENSG00000218426,RP11-475C16.1
ENSG00000218490,FCF1P10
ENSG00000218510,LINC00339
ENSG00000218537,AP000350.4
ENSG00000218565,RP11-12A2.1
ENSG00000218596,RP11-2J18.1
ENSG00000218631,RP3-395C13.1
ENSG00000218676,BRD7P4
ENSG00000218682,AC010150.1
ENSG00000218690,HIST1H2APS4
ENSG00000218698,ST13P16
ENSG00000218713,RP1-34L19.1
ENSG00000218890,NUFIP1P
ENSG00000218996,RP1-99E18.2
ENSG00000219027,RPS3AP2
ENSG00000219085,NPM1P37
ENSG00000219150,RP11-569A2.2
ENSG00000219159,AC011298.2
ENSG00000219163,HMGB1P20
ENSG00000219201,RP11-181C21.4
ENSG00000219302,RP11-174C7.3
ENSG00000219355,RPL31P52
ENSG00000219395,HSPA8P15
ENSG00000219409,RP11-106E7.1
ENSG00000219433,RP11-350J20.4
ENSG00000219470,RP3-337H4.6
ENSG00000219487,RP11-365H23.1
ENSG00000219529,AP000580.1
ENSG00000219553,RP1-281H8.3
ENSG00000219608,HIGD1AP16
ENSG00000219642,BMPR1APS1
ENSG00000219665,CTD-2006C1.2
ENSG00000219712,RP11-532F6.2
ENSG00000219747,RP1-292B18.1
ENSG00000219755,RP1-199J3.5
ENSG00000219770,VN1R11P
ENSG00000219891,ZSCAN12P1
ENSG00000219902,RPL35P3
ENSG00000219926,RP11-394A14.2
ENSG00000219986,BTF3P7
ENSG00000220091,LAP3P1
ENSG00000220105,RP11-307I14.2
ENSG00000220212,OR4F1P
ENSG00000220267,ACTBP8
ENSG00000220305,HNRNPH1P1
ENSG00000220323,HIST2H2BD
ENSG00000220349,RP3-431A14.4
ENSG00000220392,FCF1P5
ENSG00000220412,RP11-95M15.2
ENSG00000220515,PGAM1P10
ENSG00000220517,ASS1P1
ENSG00000220541,RP5-1170D6.1
ENSG00000220553,RPL5P19
ENSG00000220563,PKMP3
ENSG00000220583,RPL35P2
ENSG00000220585,DDX18P6
ENSG00000220600,RP3-509I19.6
ENSG00000220635,KRASP1
ENSG00000220685,RP11-530A18.1
ENSG00000220695,RP1-121G13.3
ENSG00000220744,RPL5P18
ENSG00000220785,MTMR9LP
ENSG00000220804,AC093642.5
ENSG00000220842,RP11-572P18.1
ENSG00000220848,RPS18P9
ENSG00000220867,HSPE1P26
ENSG00000220875,HIST1H3PS1
ENSG00000220925,IGBP1-AS2
ENSG00000221817,RP11-137L10.6
ENSG00000221883,ARIH2OS
ENSG00000221930,FAM45B
ENSG00000221946,FXYD7
ENSG00000221949,C12orf61
ENSG00000221953,C1orf229
ENSG00000221962,TMEM14E
ENSG00000221990,C5orf55
ENSG00000221995,TIAF1
ENSG00000222005,LINC01118
ENSG00000222017,AC011997.1
ENSG00000222020,AC062017.1
ENSG00000222033,LINC01124
ENSG00000222035,AC079354.3
ENSG00000222041,LINC00152
ENSG00000222042,AP000233.4
ENSG00000222047,C10orf55
ENSG00000222112,RN7SKP16
ENSG00000222162,RN7SKP151
ENSG00000222337,RN7SKP225
ENSG00000222352,RN7SKP221
ENSG00000222445,RN7SKP56
ENSG00000222515,RN7SKP240
ENSG00000222714,RN7SKP38
ENSG00000222942,RN7SKP58
ENSG00000223117,RN7SKP296
ENSG00000223305,RN7SKP30
ENSG00000223308,RN7SKP101
ENSG00000223324,RN7SKP273
ENSG00000223343,RP13-131K19.2
ENSG00000223356,RP11-66D17.5
ENSG00000223361,FTH1P10
ENSG00000223373,AC108066.1
ENSG00000223379,RP11-374M1.4
ENSG00000223392,CLDN10-AS1
ENSG00000223396,RPS10P7
ENSG00000223404,LINC00397
ENSG00000223418,GS1-590J6.2
ENSG00000223459,FAM115B
ENSG00000223476,VN1R42P
ENSG00000223478,RP11-545E17.3
ENSG00000223482,NUTM2A-AS1
ENSG00000223492,RP11-15M15.1
ENSG00000223500,AC083862.6
ENSG00000223503,RP11-29H23.6
ENSG00000223504,RP11-542F9.1
ENSG00000223508,RPL23AP53
ENSG00000223509,RP11-632K20.7
ENSG00000223511,RP13-297E16.4
ENSG00000223518,CSNK1A1P1
ENSG00000223525,RABGAP1L-IT1
ENSG00000223534,HLA-DQB1-AS1
ENSG00000223546,LINC00630
ENSG00000223551,TMSB4XP4
ENSG00000223559,RP11-700P18.1
ENSG00000223561,AC003090.1
ENSG00000223564,CYP4F32P
ENSG00000223571,DHRSX-IT1
ENSG00000223575,RBMX2P3
ENSG00000223583,RP3-476K8.4
ENSG00000223584,TVP23CP1
ENSG00000223593,AL356806.3
ENSG00000223599,RP11-216N14.7
ENSG00000223612,RP11-289I10.2
ENSG00000223621,AK4P4
ENSG00000223642,AC008277.1
ENSG00000223653,RP11-131L23.1
ENSG00000223665,CTB-111F10.1
ENSG00000223685,LINC00571
ENSG00000223695,RP4-633O19__A.1
ENSG00000223697,AF230666.2
ENSG00000223703,AC027612.4
ENSG00000223704,RP1-90L6.2
ENSG00000223705,NSUN5P1
ENSG00000223718,AC093107.7
ENSG00000223719,AC024162.2
ENSG00000223724,RAD17P2
ENSG00000223725,AC007879.5
ENSG00000223734,RP11-644K8.1
ENSG00000223735,OR51B3P
ENSG00000223741,PSMD4P1
ENSG00000223745,RP4-717I23.3
ENSG00000223749,MIR503HG
ENSG00000223750,SIRPB3P
ENSG00000223756,TSSC2
ENSG00000223768,LINC00205
ENSG00000223773,CD99P1
ENSG00000223776,LGALS8-AS1
ENSG00000223784,RP11-554I8.2
ENSG00000223787,RP4-593M8.1
ENSG00000223791,UBE2E1-AS1
ENSG00000223797,ENTPD3-AS1
ENSG00000223799,IL10RB-AS1
ENSG00000223804,RP6-206I17.1
ENSG00000223820,CFL1P1
ENSG00000223823,RP11-465B22.5
ENSG00000223825,DAZAP2P1
ENSG00000223839,FAM95B1
ENSG00000223847,RP5-925F19.1
ENSG00000223849,RP11-80I15.1
ENSG00000223850,MYCNUN
ENSG00000223855,AC147651.3
ENSG00000223883,RP11-424D14.1
ENSG00000223891,OSER1-AS1
ENSG00000223893,AC096568.3
ENSG00000223910,ZNF32-AS3
ENSG00000223914,AC079630.2
ENSG00000223916,RP11-353H3.1
ENSG00000223922,ASS1P2
ENSG00000223935,AC008074.3
ENSG00000223947,AC016738.4
ENSG00000223949,RP11-24J23.2
ENSG00000223959,AFG3L1P
ENSG00000223960,AC009948.5
ENSG00000223969,AC002456.2
ENSG00000223991,AC104809.2
ENSG00000224003,CTA-407F11.6
ENSG00000224004,ATP5C1P1
ENSG00000224017,AC005022.1
ENSG00000224019,RPL21P32
ENSG00000224020,MIR181A2HG
ENSG00000224023,RP11-383C5.4
ENSG00000224029,RP11-136K14.2
ENSG00000224031,TCEAL3-AS1
ENSG00000224032,EPB41L4A-AS1
ENSG00000224039,AC091493.1
ENSG00000224043,CCNT2-AS1
ENSG00000224046,AC005076.5
ENSG00000224066,RP4-622L5.7
ENSG00000224067,RP11-430K21.2
ENSG00000224072,RP11-75A9.3
ENSG00000224078,SNHG14
ENSG00000224079,AC091729.7
ENSG00000224080,UBE2FP1
ENSG00000224083,RP11-39K24.4
ENSG00000224086,LL22NC03-86G7.1
ENSG00000224097,RP11-472B18.1
ENSG00000224114,RP11-343H5.4
ENSG00000224129,DPPA2P2
ENSG00000224137,AC079767.4
ENSG00000224142,AMMECR1-IT1
ENSG00000224152,AC009506.1
ENSG00000224165,DNAJC27-AS1
ENSG00000224183,SDHDP6
ENSG00000224184,AC096559.1
ENSG00000224185,SNX18P9
ENSG00000224186,C5orf66
ENSG00000224209,LINC00466
ENSG00000224216,RP13-228J13.1
ENSG00000224220,AC104699.1
ENSG00000224221,RPS6P8
ENSG00000224224,HAUS1P2
ENSG00000224227,OR2L1P
ENSG00000224232,AC110299.5
ENSG00000224236,MRRFP1
ENSG00000224255,PDCL3P6
ENSG00000224259,LINC01133
ENSG00000224261,RP11-179G5.1
ENSG00000224271,RP11-191L9.4
ENSG00000224272,AC114730.3
ENSG00000224273,AC005077.7
ENSG00000224281,SLC25A5-AS1
ENSG00000224286,LINC01142
ENSG00000224287,MSL3P1
ENSG00000224292,AF196972.9
ENSG00000224294,RP3-326I13.1
ENSG00000224295,AC087380.14
ENSG00000224309,ANKRD30BP2
ENSG00000224310,AC012317.1
ENSG00000224315,RPL7P7
ENSG00000224356,RP11-151A6.4
ENSG00000224358,RP11-466F5.8
ENSG00000224376,AC017104.6
ENSG00000224391,AC073321.3
ENSG00000224396,METTL15P3
ENSG00000224402,OR6D1P
ENSG00000224406,RP11-48F14.1
ENSG00000224411,RP11-1033A18.1
ENSG00000224415,RPL19P12
ENSG00000224418,STK24-AS1
ENSG00000224424,PRKAR2A-AS1
ENSG00000224426,SLC31A1P1
ENSG00000224429,LINC00422
ENSG00000224430,MKRN5P
ENSG00000224442,AC017035.2
ENSG00000224451,ATP5F1P1
ENSG00000224464,PGAM1P6
ENSG00000224471,RP11-522L3.6
ENSG00000224473,RP11-449I17.5
ENSG00000224475,AC073900.4
ENSG00000224478,RP11-13P5.1
ENSG00000224479,AC136289.1
ENSG00000224498,MAPKAPK5P1
ENSG00000224505,AC002117.1
ENSG00000224511,LINC00365
ENSG00000224520,KRT8P45
ENSG00000224521,RP11-438F14.3
ENSG00000224530,PPIAP10
ENSG00000224533,TMLHE-AS1
ENSG00000224536,RP11-134G8.7
ENSG00000224546,EIF4BP3
ENSG00000224547,AC023669.2
ENSG00000224553,AC008065.1
ENSG00000224557,HLA-DPB2
ENSG00000224559,LINC01087
ENSG00000224565,RP1-148H17.1
ENSG00000224566,FAM96AP2
ENSG00000224577,LINC01117
ENSG00000224592,RP5-884C9.2
ENSG00000224596,ZMIZ1-AS1
ENSG00000224597,PTCHD3P1
ENSG00000224609,RP11-470E16.1
ENSG00000224610,RP11-265P11.1
ENSG00000224614,TNK2-AS1
ENSG00000224616,RP11-305E17.6
ENSG00000224621,RP11-276H7.3
ENSG00000224626,AC106053.1
ENSG00000224628,RP5-854E16.2
ENSG00000224631,RP11-51O6.1
ENSG00000224635,RP4-564F22.5
ENSG00000224652,LINC00885
ENSG00000224660,SH3BP5-AS1
ENSG00000224668,IPO8P1
ENSG00000224669,RP11-561N12.1
ENSG00000224672,AC007272.3
ENSG00000224687,RASAL2-AS1
ENSG00000224698,RP11-131J3.1
ENSG00000224699,LAMTOR5-AS1
ENSG00000224707,E2F3-IT1
ENSG00000224715,CITF22-49D8.1
ENSG00000224717,RP11-576D8.4
ENSG00000224725,CEP57L1P1
ENSG00000224728,AC090945.1
ENSG00000224732,MAGEA7P
ENSG00000224738,AC099850.1
ENSG00000224745,RP11-380G5.2
ENSG00000224763,FDPSP8
ENSG00000224765,RP1-137H15.2
ENSG00000224769,AC069213.1
ENSG00000224775,BRAFP1
ENSG00000224776,RP11-361A21.1
ENSG00000224786,CETN4P
ENSG00000224789,AC012363.4
ENSG00000224790,AP000704.5
ENSG00000224796,RPL32P1
ENSG00000224802,TUBB4BP2
ENSG00000224812,TMEM72-AS1
ENSG00000224820,BTF3P4
ENSG00000224821,COL4A2-AS2
ENSG00000224830,OR2X1P
ENSG00000224831,RP11-651P23.4
ENSG00000224839,AC093698.2
ENSG00000224843,LINC00240
ENSG00000224856,RP4-796I17.5
ENSG00000224858,RPL29P11
ENSG00000224861,YBX1P1
ENSG00000224870,RP4-758J18.2
ENSG00000224875,AC083949.1
ENSG00000224885,TSSC1-IT1
ENSG00000224886,BEND3P3
ENSG00000224888,RP5-1142A6.2
ENSG00000224892,RPS4XP16
ENSG00000224895,VPS26BP1
ENSG00000224897,POT1-AS1
ENSG00000224903,AC005534.8
ENSG00000224905,AP001347.6
ENSG00000224914,LINC00863
ENSG00000224934,RP11-441O15.3
ENSG00000224939,LINC00184
ENSG00000224942,RP11-51C14.1
ENSG00000224945,RP11-82L18.2
ENSG00000224950,RP5-1086K13.1
ENSG00000224959,AC017002.2
ENSG00000224961,RP1-278O22.1
ENSG00000224969,RP11-54O7.11
ENSG00000224972,RP11-403H13.1
ENSG00000224975,INE1
ENSG00000224985,RP11-297K8.2
ENSG00000224988,RP11-409K20.7
ENSG00000224992,RP11-295G24.5
ENSG00000225008,RP13-228J13.6
ENSG00000225014,KCTD9P1
ENSG00000225022,UBE2D3P1
ENSG00000225025,KIF4CP
ENSG00000225031,EIF4BP7
ENSG00000225032,RP11-228B15.4
ENSG00000225039,LINC01058
ENSG00000225051,HMGB3P22
ENSG00000225057,AC096574.4
ENSG00000225062,AC021016.6
ENSG00000225077,LINC00337
ENSG00000225078,RP11-123N4.4
ENSG00000225079,FTH1P22
ENSG00000225092,RP11-405O10.2
ENSG00000225093,RPL3P7
ENSG00000225094,SETP20
ENSG00000225101,OR52K3P
ENSG00000225111,AC083900.1
ENSG00000225113,RP5-1160K1.3
ENSG00000225125,RANP4
ENSG00000225133,MORF4L1P4
ENSG00000225137,DYNC1I2P1
ENSG00000225138,CTD-2228K2.7
ENSG00000225151,GOLGA2P7
ENSG00000225154,RP11-184J23.2
ENSG00000225156,AC012354.6
ENSG00000225159,NPM1P39
ENSG00000225163,LINC00618
ENSG00000225170,RP5-828K20.1
ENSG00000225171,DUTP6
ENSG00000225177,RP11-390P2.4
ENSG00000225178,RPSAP56
ENSG00000225187,AC073283.7
ENSG00000225192,ZNF33BP1
ENSG00000225193,RPS12P26
ENSG00000225200,AB019441.29
ENSG00000225203,TBC1D4-AS1
ENSG00000225205,AC093818.1
ENSG00000225210,AL589743.1
ENSG00000225213,RP11-197M22.2
ENSG00000225215,SMARCE1P1
ENSG00000225217,HSPA7
ENSG00000225224,RP4-814D15.2
ENSG00000225235,DDX26B-AS1
ENSG00000225246,RPS2P1
ENSG00000225251,RPL5P25
ENSG00000225255,LA16c-83F12.6
ENSG00000225259,ST13P6
ENSG00000225265,RP11-378J18.3
ENSG00000225282,AP000350.6
ENSG00000225285,RP4-758J18.10
ENSG00000225300,RP11-439E19.1
ENSG00000225313,RP11-415J8.3
ENSG00000225314,AC018634.9
ENSG00000225321,RP5-828K20.2
ENSG00000225329,RP11-325F22.5
ENSG00000225331,AP001055.6
ENSG00000225335,XXbac-B476C20.9
ENSG00000225339,RP11-513I15.6
ENSG00000225342,AC079630.4
ENSG00000225345,SNX18P3
ENSG00000225349,RP11-820K3.2
ENSG00000225356,RP11-433O3.1
ENSG00000225357,RPF2P1
ENSG00000225361,PPP1R26-AS1
ENSG00000225369,AC009506.2
ENSG00000225370,AC011515.2
ENSG00000225377,RP5-1103G7.4
ENSG00000225393,RP11-218L14.4
ENSG00000225401,TGIF2P1
ENSG00000225402,AC010878.3
ENSG00000225406,AC080125.1
ENSG00000225408,RP11-207C16.4
ENSG00000225411,RP11-764K9.1
ENSG00000225420,AC104134.2
ENSG00000225421,AC019330.1
ENSG00000225423,TNPO1P1
ENSG00000225431,AP001626.1
ENSG00000225439,BOLA3-AS1
ENSG00000225447,RPS15AP10
ENSG00000225450,RP3-508I15.14
ENSG00000225462,FDPSP1
ENSG00000225463,ZNF70P1
ENSG00000225470,JPX
ENSG00000225479,PLCB1-IT1
ENSG00000225484,RP11-773D16.1
ENSG00000225489,RP11-390F4.3
ENSG00000225492,GBP1P1
ENSG00000225498,AC002064.5
ENSG00000225506,CYP4A22-AS1
ENSG00000225511,LINC00475
ENSG00000225513,RP11-165N19.2
ENSG00000225514,MTND1P34
ENSG00000225519,RP11-236B18.2
ENSG00000225521,AC005237.4
ENSG00000225527,RP11-383B4.4
ENSG00000225535,AC068610.3
ENSG00000225544,KB-1027C11.4
ENSG00000225548,AC098973.2
ENSG00000225557,Z95114.6
ENSG00000225568,RP11-384B12.3
ENSG00000225573,RPL35P5
ENSG00000225580,RP1-159M24.1
ENSG00000225595,XXbac-BPG308K3.6
ENSG00000225611,RP11-70C1.1
ENSG00000225630,MTND2P28
ENSG00000225637,AP001046.6
ENSG00000225643,RP11-70P17.1
ENSG00000225648,SBDSP1
ENSG00000225655,RP11-143M1.2
ENSG00000225665,SAR1P3
ENSG00000225670,CTA-134P22.2
ENSG00000225671,FCF1P6
ENSG00000225672,CCNT2P1
ENSG00000225673,RP11-641C17.3
ENSG00000225674,IPO7P2
ENSG00000225675,RP4-784A16.5
ENSG00000225680,AL163953.2
ENSG00000225684,FAM225B
ENSG00000225693,RP11-54K16.2
ENSG00000225726,AC007000.10
ENSG00000225733,FGD5-AS1
ENSG00000225746,AL132709.5
ENSG00000225755,RP11-267N12.2
ENSG00000225756,DBH-AS1
ENSG00000225760,LINC00431
ENSG00000225764,LEPREL1-AS1
ENSG00000225779,RP4-603I14.3
ENSG00000225783,MIAT
ENSG00000225791,TRAM2-AS1
ENSG00000225792,AC004540.4
ENSG00000225793,RP1-234P15.4
ENSG00000225806,RP1-309F20.3
ENSG00000225808,DNAJC19P5
ENSG00000225822,UBXN7-AS1
ENSG00000225849,MKRN7P
ENSG00000225854,RP11-569G9.7
ENSG00000225855,RUSC1-AS1
ENSG00000225864,HCG4P11
ENSG00000225868,AC016582.2
ENSG00000225872,AC002398.5
ENSG00000225873,LINC00694
ENSG00000225877,AC004603.4
ENSG00000225880,LINC00115
ENSG00000225883,BMS1P11
ENSG00000225885,AC023590.1
ENSG00000225886,RP11-288L9.4
ENSG00000225889,AC074289.1
ENSG00000225900,HSPE1P13
ENSG00000225914,XXbac-BPG154L12.4
ENSG00000225931,RP3-395M20.7
ENSG00000225932,CTAGE4
ENSG00000225953,SATB2-AS1
ENSG00000225963,AC009950.2
ENSG00000225964,AC017076.5
ENSG00000225975,AC074138.3
ENSG00000225978,HAR1A
ENSG00000225982,RP11-538D16.3
ENSG00000225991,RP11-731I19.1
ENSG00000226007,RP11-211N8.2
ENSG00000226009,KCNIP2-AS1
ENSG00000226010,RP11-403E24.1
ENSG00000226024,COX5BP7
ENSG00000226025,LGALS17A
ENSG00000226026,RP11-57H12.3
ENSG00000226029,RP4-798A10.2
ENSG00000226036,RP11-338C15.2
ENSG00000226045,AC009274.6
ENSG00000226048,YBX1P8
ENSG00000226049,TLK2P1
ENSG00000226051,ZNF503-AS1
ENSG00000226054,MEMO1P1
ENSG00000226055,PAICSP1
ENSG00000226056,MTND4P32
ENSG00000226066,AC009541.1
ENSG00000226067,LINC00869
ENSG00000226084,RP4-706A16.3
ENSG00000226085,UQCRFS1P1
ENSG00000226089,RP1-300G12.2
ENSG00000226097,AC099342.1
ENSG00000226107,AC004383.3
ENSG00000226113,RP11-672F9.1
ENSG00000226121,AHCTF1P1
ENSG00000226125,AC098823.3
ENSG00000226132,RPS3AP46
ENSG00000226137,BAIAP2-AS1
ENSG00000226147,TUBBP10
ENSG00000226149,RP1-69D17.4
ENSG00000226153,RP3-389A20.5
ENSG00000226158,CLCP2
ENSG00000226161,EIF4A1P5
ENSG00000226179,LINC00685
ENSG00000226180,AC010536.1
ENSG00000226186,TCEB1P21
ENSG00000226194,RP1-137D17.1
ENSG00000226200,RP11-50E11.3
ENSG00000226203,RP4-760C5.5
ENSG00000226210,ABC7-42389800N19.1
ENSG00000226216,RPS12P5
ENSG00000226221,AC022431.1
ENSG00000226232,RP11-419C5.2
ENSG00000226239,RP1-310O13.7
ENSG00000226241,LL0XNC01-221F2.2
ENSG00000226253,MRPL35P3
ENSG00000226254,PTP4A1P3
ENSG00000226259,GTF2H2B
ENSG00000226263,ISM1-AS1
ENSG00000226266,AC009961.3
ENSG00000226276,AC093382.1
ENSG00000226279,AC005682.7
ENSG00000226287,TMEM191A
ENSG00000226289,RP11-57I17.3
ENSG00000226292,RP11-7G12.1
ENSG00000226306,NPY6R
ENSG00000226309,SMARCE1P2
ENSG00000226310,RP3-323P24.3
ENSG00000226318,RP11-474D14.2
ENSG00000226328,CTA-217C2.1
ENSG00000226348,VN2R10P
ENSG00000226352,RP11-523H24.3
ENSG00000226359,AC055811.5
ENSG00000226360,RPL10AP6
ENSG00000226375,RP3-395P12.2
ENSG00000226380,MIR29A
ENSG00000226383,AC093375.1
ENSG00000226396,RPS14P3
ENSG00000226397,C12orf77
ENSG00000226403,RP11-31F19.1
ENSG00000226406,RBMX2P1
ENSG00000226410,AC104058.1
ENSG00000226415,TPI1P1
ENSG00000226419,SLC16A1-AS1
ENSG00000226450,CYP2D8P
ENSG00000226453,RP11-379B8.1
ENSG00000226465,RP13-401N8.1
ENSG00000226469,ADAM1B
ENSG00000226471,CTA-292E10.6
ENSG00000226472,RP11-551L14.4
ENSG00000226498,RP11-182B22.2
ENSG00000226501,USF1P1
ENSG00000226507,IPMKP1
ENSG00000226510,UPK1A-AS1
ENSG00000226525,RPS7P10
ENSG00000226530,RP11-348F1.2
ENSG00000226535,RP11-417L14.1
ENSG00000226543,MYL6P1
ENSG00000226544,RPL7P22
ENSG00000226556,NPM1P49
ENSG00000226571,RP11-445F6.2
ENSG00000226576,RP11-523O18.1
ENSG00000226578,RP11-258F22.1
ENSG00000226579,RP11-351K23.3
ENSG00000226599,RP11-136K14.3
ENSG00000226604,PAPPA-AS2
ENSG00000226608,FTLP3
ENSG00000226624,CTA-351J1.1
ENSG00000226631,SLC9A3P3
ENSG00000226632,UBE2V1P1
ENSG00000226641,RP13-13A3.1
ENSG00000226642,ACTG1P12
ENSG00000226647,RP11-336A10.2
ENSG00000226659,RP11-137H2.4
ENSG00000226668,RP11-526D8.7
ENSG00000226673,LINC01108
ENSG00000226676,RP11-589B3.6
ENSG00000226683,PWWP2AP1
ENSG00000226686,AC012309.5
ENSG00000226688,ENTPD1-AS1
ENSG00000226693,RP11-412H9.1
ENSG00000226696,LENG8-AS1
ENSG00000226705,SDCBPP1
ENSG00000226711,FAM66C
ENSG00000226715,RP11-411H5.1
ENSG00000226721,EEF1DP2
ENSG00000226723,RP11-142L4.3
ENSG00000226746,SMCR5
ENSG00000226747,AC007966.1
ENSG00000226751,AF127936.5
ENSG00000226752,PSMD5-AS1
ENSG00000226754,RP5-1024G6.5
ENSG00000226756,AC007365.3
ENSG00000226759,DAB1-AS1
ENSG00000226761,TAS2R46
ENSG00000226763,SRRM5
ENSG00000226765,RP11-694D5.1
ENSG00000226766,FABP7P1
ENSG00000226769,GAPDHP54
ENSG00000226779,NAALADL2-AS2
ENSG00000226791,AC109826.1
ENSG00000226798,RP11-289F5.1
ENSG00000226800,CACTIN-AS1
ENSG00000226801,OSTCP8
ENSG00000226803,RP11-203B9.4
ENSG00000226804,RP4-675G8.3
ENSG00000226806,AC011893.3
ENSG00000226808,LINC00840
ENSG00000226816,AC005082.12
ENSG00000226818,SLC6A6P1
ENSG00000226822,RP11-356N1.2
ENSG00000226833,AC097724.3
ENSG00000226840,PAICSP3
ENSG00000226849,RP4-635E18.7
ENSG00000226853,AC010894.3
ENSG00000226854,RP11-212D3.4
ENSG00000226859,RP11-48F14.2
ENSG00000226864,ATE1-AS1
ENSG00000226869,LHFPL3-AS1
ENSG00000226875,ZNF877P
ENSG00000226889,RP11-474I16.8
ENSG00000226891,RP11-182I10.3
ENSG00000226899,RP11-298J20.3
ENSG00000226904,RP11-561O23.8
ENSG00000226913,BSN-AS2
ENSG00000226928,RPS14P4
ENSG00000226933,NRBF2P2
ENSG00000226942,IL9RP3
ENSG00000226949,OR6K5P
ENSG00000226950,DANCR
ENSG00000226954,RP5-983L19.2
ENSG00000226957,RP4-533D7.4
ENSG00000226961,AC018463.5
ENSG00000226965,AC003088.1
ENSG00000226968,LINC00423
ENSG00000226971,AF196972.4
ENSG00000226972,AC013717.3
ENSG00000226976,COX6A1P2
ENSG00000226977,HMGN1P24
ENSG00000226982,CENPCP1
ENSG00000226983,AP000235.2
ENSG00000226985,RP11-142G7.2
ENSG00000226989,AL049758.2
ENSG00000226994,AC012593.1
ENSG00000227007,AC105253.1
ENSG00000227009,FUNDC2P4
ENSG00000227014,AC007285.6
ENSG00000227017,AC007036.6
ENSG00000227019,OR7E101P
ENSG00000227032,RP11-34E5.4
ENSG00000227036,LINC00511
ENSG00000227038,AC005077.12
ENSG00000227039,ITGB2-AS1
ENSG00000227054,FDX1P2
ENSG00000227056,RPL6P2
ENSG00000227061,AC079779.7
ENSG00000227072,RP3-466I7.1
ENSG00000227083,L29074.3
ENSG00000227090,AP000402.3
ENSG00000227097,RP11-742N3.1
ENSG00000227098,AC073636.1
ENSG00000227105,PARP1P1
ENSG00000227107,AC096574.5
ENSG00000227110,LMCD1-AS1
ENSG00000227152,OR2T7
ENSG00000227160,RP1-65P5.1
ENSG00000227165,WDR11-AS1
ENSG00000227176,AC092641.2
ENSG00000227187,RP11-6C10.1
ENSG00000227192,RP1-45I4.3
ENSG00000227197,AC009518.8
ENSG00000227199,ST7-AS1
ENSG00000227200,RP11-121A14.3
ENSG00000227201,CNN2P1
ENSG00000227218,RP11-203J24.8
ENSG00000227232,WASH7P
ENSG00000227238,TTC39DP
ENSG00000227252,AC105760.2
ENSG00000227262,HCG4B
ENSG00000227288,RP5-837I24.1
ENSG00000227295,ELL2P1
ENSG00000227331,AC005042.2
ENSG00000227337,AC139452.2
ENSG00000227344,HAUS6P1
ENSG00000227347,HNRNPKP2
ENSG00000227354,RBM26-AS1
ENSG00000227355,RP11-162D16.2
ENSG00000227359,AC017074.2
ENSG00000227368,AC079753.5
ENSG00000227370,RP4-669P10.19
ENSG00000227372,TP73-AS1
ENSG00000227373,RP11-160H22.5
ENSG00000227374,RP11-109A6.3
ENSG00000227375,DLG1-AS1
ENSG00000227376,FTH1P16
ENSG00000227379,PPIAP2
ENSG00000227382,EIF4A2P2
ENSG00000227383,RP11-571F15.2
ENSG00000227388,RP11-112J3.16
ENSG00000227394,AC007386.3
ENSG00000227398,KIF9-AS1
ENSG00000227400,AC012501.2
ENSG00000227403,AC009299.3
ENSG00000227407,AC008746.3
ENSG00000227434,RNF19BPX
ENSG00000227436,FCF1P1
ENSG00000227449,RP11-111F5.5
ENSG00000227453,HNRNPA1P63
ENSG00000227455,RP11-300M24.1
ENSG00000227456,LINC00310
ENSG00000227477,STK4-AS1
ENSG00000227484,XX-C283C717.1
ENSG00000227486,RP13-188A5.1
ENSG00000227492,RP11-316M21.6
ENSG00000227502,RP1-249H1.4
ENSG00000227508,RP5-894D12.3
ENSG00000227510,RP11-196P2.1
ENSG00000227517,AC003051.1
ENSG00000227518,MIR1302-9
ENSG00000227531,RP11-202G18.1
ENSG00000227533,SLC2A1-AS1
ENSG00000227535,RP11-809N15.2
ENSG00000227536,SOCS5P4
ENSG00000227540,RP11-152N13.5
ENSG00000227541,RP3-525N14.2
ENSG00000227542,AC092614.2
ENSG00000227543,SPAG5-AS1
ENSG00000227544,AC018647.3
ENSG00000227560,RP11-139K1.2
ENSG00000227579,RP1-35C21.2
ENSG00000227582,RP11-262H14.7
ENSG00000227583,RP11-119F7.3
ENSG00000227593,RP11-715G18.3
ENSG00000227619,RP11-492E3.2
ENSG00000227627,RP1-101K10.6
ENSG00000227630,LINC01132
ENSG00000227632,AC018804.6
ENSG00000227640,SOX21-AS1
ENSG00000227646,STEAP2-AS1
ENSG00000227671,MIR3916
ENSG00000227674,LINC00355
ENSG00000227676,LINC01068
ENSG00000227678,RP11-73O6.3
ENSG00000227680,AC108051.2
ENSG00000227684,CROCCP4
ENSG00000227685,AC087499.10
ENSG00000227694,AC005884.1
ENSG00000227695,DNMBP-AS1
ENSG00000227712,RP11-418J17.3
ENSG00000227719,AC006042.6
ENSG00000227722,RP5-1059H15.1
ENSG00000227730,MTND6P5
ENSG00000227740,RP11-318C24.2
ENSG00000227741,RP11-536C5.7
ENSG00000227745,AC098826.5
ENSG00000227765,RP11-162O12.2
ENSG00000227766,HCG4P5
ENSG00000227769,AC072062.3
ENSG00000227770,RPL7P12
ENSG00000227773,ASH1L-IT1
ENSG00000227775,RP1-283E3.4
ENSG00000227777,RP4-738P11.3
ENSG00000227782,AC002553.1
ENSG00000227799,AC012358.4
ENSG00000227805,RP11-248J23.5
ENSG00000227811,FAM212B-AS1
ENSG00000227815,RP11-195C7.3
ENSG00000227825,SLC9A7P1
ENSG00000227827,RP11-958N24.2
ENSG00000227836,AC008850.3
ENSG00000227846,UGT1A11P
ENSG00000227848,SUCLA2-AS1
ENSG00000227878,AC114760.1
ENSG00000227881,ASS1P5
ENSG00000227885,RP11-79N23.1
ENSG00000227896,RP11-77P6.2
ENSG00000227906,SNAP25-AS1
ENSG00000227908,CTD-2031P19.3
ENSG00000227939,RPL3P2
ENSG00000227946,AC007383.3
ENSG00000227953,RP11-439E19.3
ENSG00000227954,RP3-323P13.2
ENSG00000227962,RP11-382D8.3
ENSG00000227963,RP5-1074L1.1
ENSG00000227986,TRIM60P18
ENSG00000227995,RAB11AP1
ENSG00000228008,CTD-2330K9.3
ENSG00000228010,AC073343.13
ENSG00000228013,RP11-350G8.5
ENSG00000228014,RP11-321E8.5
ENSG00000228022,HCG20
ENSG00000228031,AC078842.3
ENSG00000228036,HSPD1P9
ENSG00000228037,RP3-395M20.9
ENSG00000228043,AC097721.2
ENSG00000228063,RP11-135J2.4
ENSG00000228065,RP11-222A11.1
ENSG00000228079,AC012368.1
ENSG00000228084,RP5-884G6.2
ENSG00000228089,RP1-197O17.2
ENSG00000228097,RP11-39K24.12
ENSG00000228106,RP11-452F19.3
ENSG00000228107,AP000692.9
ENSG00000228109,MFI2-AS1
ENSG00000228113,AC003991.3
ENSG00000228115,RP11-165F24.5
ENSG00000228124,RP1-122O8.7
ENSG00000228126,LINC00568
ENSG00000228133,AC099684.1
ENSG00000228137,AP001469.7
ENSG00000228140,RP3-467K16.4
ENSG00000228141,AC105339.1
ENSG00000228143,RP11-308N19.5
ENSG00000228150,RP11-84A14.4
ENSG00000228157,AC007952.5
ENSG00000228166,MTND1P11
ENSG00000228168,HNRNPA1P21
ENSG00000228170,RP1-40E16.11
ENSG00000228172,RP1-317E23.3
ENSG00000228192,RP11-342M1.3
ENSG00000228203,RNF144A-AS1
ENSG00000228205,RP11-778D9.4
ENSG00000228212,OFD1P17
ENSG00000228218,ATF4P3
ENSG00000228223,HCG11
ENSG00000228232,GAPDHP1
ENSG00000228238,GS1-304P7.2
ENSG00000228242,AC093495.4
ENSG00000228251,AC012442.6
ENSG00000228252,COL6A4P2
ENSG00000228262,AC073218.2
ENSG00000228274,RP3-508I15.9
ENSG00000228283,KATNBL1P6
ENSG00000228288,PCAT6
ENSG00000228305,AC016734.2
ENSG00000228314,CYP4F29P
ENSG00000228315,GUSBP11
ENSG00000228316,RP11-522L3.5
ENSG00000228327,RP11-206L10.2
ENSG00000228328,RP11-516A11.1
ENSG00000228335,AC073063.10
ENSG00000228340,RP5-1043L13.1
ENSG00000228345,RP11-12D5.4
ENSG00000228382,ITPKB-IT1
ENSG00000228391,AC011995.3
ENSG00000228393,LINC01004
ENSG00000228395,RP11-216B9.6
ENSG00000228397,RP1-224A6.3
ENSG00000228404,AP001468.58
ENSG00000228408,RP1-111D6.3
ENSG00000228409,CCT6P1
ENSG00000228415,PTMAP1
ENSG00000228423,RP4-633I8.4
ENSG00000228427,RP5-1091N2.9
ENSG00000228430,RP11-15B24.5
ENSG00000228434,AC004951.6
ENSG00000228436,RP5-864K19.4
ENSG00000228439,TSTD3
ENSG00000228444,RP11-173B14.4
ENSG00000228446,AC073052.1
ENSG00000228451,SDAD1P1
ENSG00000228453,RPS15AP9
ENSG00000228463,AP006222.2
ENSG00000228477,RP3-342P20.2
ENSG00000228485,GRK5-IT1
ENSG00000228486,LINC01125
ENSG00000228496,AC106875.1
ENSG00000228506,RP11-98I9.4
ENSG00000228507,DAP3P2
ENSG00000228509,AC006460.2
ENSG00000228510,RP11-339B21.8
ENSG00000228523,RP4-763G1.1
ENSG00000228526,RP3-510D11.1
ENSG00000228540,AC073326.3
ENSG00000228544,CCDC183-AS1
ENSG00000228550,RP11-483M24.2
ENSG00000228569,AC073133.2
ENSG00000228589,SPCS2P4
ENSG00000228598,MACC1-AS1
ENSG00000228606,RP11-574F21.2
ENSG00000228612,HK2P1
ENSG00000228624,RP3-399L15.3
ENSG00000228629,AC092295.4
ENSG00000228634,RP4-534N18.2
ENSG00000228638,FCF1P2
ENSG00000228643,AC079779.4
ENSG00000228649,AC005682.5
ENSG00000228663,PSMD10P1
ENSG00000228668,TRGV5P
ENSG00000228701,TNKS2-AS1
ENSG00000228702,RP11-671E7.1
ENSG00000228727,SAPCD1
ENSG00000228741,RP11-309I15.1
ENSG00000228755,PABPC1P8
ENSG00000228767,KRT8P18
ENSG00000228775,WEE2-AS1
ENSG00000228781,RP11-336N8.3
ENSG00000228782,MRPL45P2
ENSG00000228784,LINC00954
ENSG00000228786,LINC00266-4P
ENSG00000228789,HCG22
ENSG00000228794,LINC01128
ENSG00000228797,FAM207BP
ENSG00000228801,RP11-110G21.1
ENSG00000228808,HMGB3P4
ENSG00000228816,AK3P5
ENSG00000228817,BACH1-IT2
ENSG00000228824,MIR4500HG
ENSG00000228828,RP11-162G10.1
ENSG00000228830,RP4-781K5.2
ENSG00000228857,AC104653.1
ENSG00000228863,RP11-404F10.2
ENSG00000228878,AC007551.3
ENSG00000228886,RP11-290D2.3
ENSG00000228887,EEF1DP1
ENSG00000228889,UBAC2-AS1
ENSG00000228903,RASA4CP
ENSG00000228906,RP13-216E22.4
ENSG00000228914,OR1H1P
ENSG00000228918,GS1-122H1.2
ENSG00000228923,AP000355.2
ENSG00000228929,RP11-159C21.4
ENSG00000228937,AC005539.2
ENSG00000228938,SNRPD2P1
ENSG00000228939,AKT3-IT1
ENSG00000228948,SLC25A6P5
ENSG00000228956,AC144521.1
ENSG00000228960,OR2A9P
ENSG00000228961,AP000282.3
ENSG00000228998,RP11-697E2.7
ENSG00000229001,ACTBP14
ENSG00000229017,RP11-439L18.3
ENSG00000229018,RP11-313P13.3
ENSG00000229023,AC067945.3
ENSG00000229036,RP1-20N2.6
ENSG00000229043,AC091729.9
ENSG00000229052,RP11-386I23.1
ENSG00000229056,AC020571.3
ENSG00000229057,RP11-106A1.3
ENSG00000229065,RP11-80I15.4
ENSG00000229066,AC096649.3
ENSG00000229083,PSMA6P2
ENSG00000229087,RP11-32P22.1
ENSG00000229088,MTND1P10
ENSG00000229089,ANKRD20A8P
ENSG00000229093,OR51AB1P
ENSG00000229106,RP11-4M23.2
ENSG00000229107,ABHD17AP4
ENSG00000229116,RP11-20J15.3
ENSG00000229124,VIM-AS1
ENSG00000229127,AC007038.7
ENSG00000229132,EIF4A1P10
ENSG00000229140,CCDC26
ENSG00000229146,SNX18P5
ENSG00000229151,RP11-348F1.3
ENSG00000229152,ANKRD10-IT1
ENSG00000229153,EPHA1-AS1
ENSG00000229162,RP11-84D1.1
ENSG00000229172,AC073065.3
ENSG00000229178,AC069513.4
ENSG00000229180,GS1-124K5.11
ENSG00000229186,ADAM1A
ENSG00000229191,RP11-168O16.1
ENSG00000229204,PTGES3P3
ENSG00000229212,RP11-561C5.4
ENSG00000229220,RP11-47A17.2
ENSG00000229221,HNRNPA1P66
ENSG00000229222,KRT18P4
ENSG00000229227,RP11-38L15.2
ENSG00000229235,RP11-8L18.3
ENSG00000229241,PNPT1P1
ENSG00000229243,AC098973.1
ENSG00000229246,RP11-521J24.1
ENSG00000229255,RP11-407H12.8
ENSG00000229256,ST13P13
ENSG00000229267,AC072062.1
ENSG00000229273,RP11-104G3.2
ENSG00000229276,REV3L-IT1
ENSG00000229289,AP000431.2
ENSG00000229299,RP4-583P15.10
ENSG00000229313,RP3-425P12.5
ENSG00000229320,KRT8P12
ENSG00000229321,AC008269.2
ENSG00000229324,RP5-1091N2.3
ENSG00000229325,ACAP2-IT1
ENSG00000229326,AC069154.4
ENSG00000229331,GK-IT1
ENSG00000229348,HYI-AS1
ENSG00000229349,ACTG1P9
ENSG00000229358,DPY19L1P1
ENSG00000229368,AC090587.4
ENSG00000229370,AC092635.1
ENSG00000229372,SZT2-AS1
ENSG00000229388,RP11-442N24__B.1
ENSG00000229390,MICD
ENSG00000229391,HLA-DRB6
ENSG00000229400,RP11-3L21.2
ENSG00000229417,NPM1P25
ENSG00000229419,RALGAPA1P
ENSG00000229422,RP11-262H14.5
ENSG00000229423,RPL27AP8
ENSG00000229425,AJ006998.2
ENSG00000229427,ANKRD26P4
ENSG00000229447,RP11-490K7.4
ENSG00000229473,RGS17P1
ENSG00000229495,RP11-173D14.3
ENSG00000229497,AC005189.6
ENSG00000229498,AC105053.3
ENSG00000229521,MYCBP2-AS2
ENSG00000229522,RP11-347D21.4
ENSG00000229525,AC053503.4
ENSG00000229534,HNRNPA1P53
ENSG00000229543,RP11-90J7.2
ENSG00000229559,RP1-153P14.3
ENSG00000229569,RP11-481G8.2
ENSG00000229582,RP11-423C15.3
ENSG00000229585,RPL21P44
ENSG00000229587,RP11-197P3.5
ENSG00000229589,ACVR2B-AS1
ENSG00000229591,RP5-981O7.2
ENSG00000229619,MBNL1-AS1
ENSG00000229621,AC018742.1
ENSG00000229622,MTND5P2
ENSG00000229623,METTL21AP1
ENSG00000229626,PIGCP2
ENSG00000229638,RPL4P4
ENSG00000229639,RP3-380B4.1
ENSG00000229642,AC027119.1
ENSG00000229644,NAMPTL
ENSG00000229647,AC007879.7
ENSG00000229659,RP11-345K20.2
ENSG00000229671,LINC01150
ENSG00000229677,RP11-383F6.1
ENSG00000229689,AC009237.8
ENSG00000229692,SOS1-IT1
ENSG00000229700,RP1-130G2.1
ENSG00000229704,EIF2S2P2
ENSG00000229715,EEF1DP3
ENSG00000229719,MIR194-2
ENSG00000229721,RP11-252I14.1
ENSG00000229727,AC013460.1
ENSG00000229728,RP11-314N13.3
ENSG00000229739,RP11-295K2.3
ENSG00000229750,AC096649.2
ENSG00000229766,RP5-971N18.3
ENSG00000229794,RP11-522L3.11
ENSG00000229798,KRT18P26
ENSG00000229807,XIST
ENSG00000229808,RP11-456P18.2
ENSG00000229816,DDX50P1
ENSG00000229820,RP1-308E4.1
ENSG00000229827,AC093899.3
ENSG00000229832,RP11-384C4.2
ENSG00000229839,AC018462.2
ENSG00000229847,EMX2OS
ENSG00000229848,RP13-766D20.2
ENSG00000229852,RP11-398K22.12
ENSG00000229855,CTC-546K23.1
ENSG00000229862,RP11-505P4.7
ENSG00000229867,STEAP3-AS1
ENSG00000229871,RP4-710M16.1
ENSG00000229877,PAICSP5
ENSG00000229887,HNRNPA1P6
ENSG00000229893,AC004549.6
ENSG00000229896,RP11-456H18.2
ENSG00000229899,AC084290.2
ENSG00000229914,RP11-404O13.4
ENSG00000229917,RPL7P46
ENSG00000229920,RPS4XP5
ENSG00000229927,RHEBP1
ENSG00000229931,RP1-151F17.1
ENSG00000229932,YWHAZP3
ENSG00000229944,AC004797.1
ENSG00000229950,TFAP2A-AS1
ENSG00000229953,RP11-284F21.7
ENSG00000229954,MTND2P2
ENSG00000229955,RP1-5O6.4
ENSG00000229956,ZRANB2-AS2
ENSG00000229961,RP11-71G12.1
ENSG00000229962,AP000221.1
ENSG00000229970,AC007128.1
ENSG00000229980,TOB1-AS1
ENSG00000229981,RP11-215N21.1
ENSG00000229989,MIR181A1HG
ENSG00000229991,AKR1B1P1
ENSG00000229992,HMGB3P9
ENSG00000229994,RPL5P4
ENSG00000230001,RP11-70J12.1
ENSG00000230002,ALMS1-IT1
ENSG00000230006,ANKRD36BP2
ENSG00000230018,RP11-481H12.1
ENSG00000230021,RP5-857K21.4
ENSG00000230042,AK3P3
ENSG00000230063,RP11-384C4.6
ENSG00000230068,CDC42-IT1
ENSG00000230071,RPL4P6
ENSG00000230074,RP11-195F19.9
ENSG00000230076,AC016708.2
ENSG00000230077,MTAPP2
ENSG00000230082,PRRT3-AS1
ENSG00000230084,RP4-613B23.1
ENSG00000230086,VN1R96P
ENSG00000230091,TMEM254-AS1
ENSG00000230092,RP11-206L10.8
ENSG00000230097,RP11-460C6.1
ENSG00000230102,RP11-407B7.1
ENSG00000230105,RP11-431N15.2
ENSG00000230107,CTA-126B4.7
ENSG00000230116,RP11-163G10.2
ENSG00000230130,RP5-1189K21.2
ENSG00000230131,RP11-282I1.1
ENSG00000230137,RP4-539M6.18
ENSG00000230138,RP11-117D22.2
ENSG00000230146,SEPHS1P4
ENSG00000230147,RP11-305L7.5
ENSG00000230148,HOXB-AS1
ENSG00000230149,RP3-508I15.19
ENSG00000230155,RP3-477O4.14
ENSG00000230162,RP11-97N5.2
ENSG00000230177,RP5-1112D6.4
ENSG00000230185,C9orf147
ENSG00000230198,RPL37P4
ENSG00000230202,RP11-632C17__A.1
ENSG00000230203,CTB-1048E9.7
ENSG00000230207,RPL4P5
ENSG00000230212,AP000688.14
ENSG00000230224,PHBP9
ENSG00000230225,MTND5P14
ENSG00000230250,RP11-90C4.2
ENSG00000230266,XXYLT1-AS2
ENSG00000230267,HERC2P4
ENSG00000230269,RP1-40E16.9
ENSG00000230300,STARD13-IT1
ENSG00000230305,AC004980.9
ENSG00000230310,CTD-2192J16.11
ENSG00000230311,AC004074.3
ENSG00000230312,LL0XNC01-116E7.4
ENSG00000230313,HCG24
ENSG00000230319,AL022476.2
ENSG00000230320,RP4-769N13.2
ENSG00000230322,RP3-323N1.2
ENSG00000230325,RP11-385F5.4
ENSG00000230333,AC004538.3
ENSG00000230356,NCAPD2P1
ENSG00000230359,TPI1P2
ENSG00000230360,DDX10P2
ENSG00000230364,RPL4P3
ENSG00000230366,DSCR9
ENSG00000230368,FAM41C
ENSG00000230373,GOLGA6L5P
ENSG00000230381,RP4-655J12.5
ENSG00000230397,SPTLC1P1
ENSG00000230399,RBBP8P1
ENSG00000230405,RPS3AP52
ENSG00000230409,TCEA1P2
ENSG00000230415,RP5-902P8.10
ENSG00000230417,LINC00856
ENSG00000230424,RP1-43E13.2
ENSG00000230426,ERVMER61-1
ENSG00000230438,RP11-420G6.4
ENSG00000230445,LRRC37A6P
ENSG00000230447,CTF2P
ENSG00000230448,LINC00276
ENSG00000230449,RPL7P4
ENSG00000230454,U73166.2
ENSG00000230457,PA2G4P4
ENSG00000230479,AP000695.6
ENSG00000230483,AC124057.5
ENSG00000230484,OR51A10P
ENSG00000230487,PSMG3-AS1
ENSG00000230490,RP11-141M1.3
ENSG00000230499,AC108463.1
ENSG00000230510,PPP5D1
ENSG00000230513,THAP7-AS1
ENSG00000230521,HCG4P7
ENSG00000230524,COL6A4P1
ENSG00000230528,NOS2P3
ENSG00000230530,LIMD1-AS1
ENSG00000230534,RP11-297A16.2
ENSG00000230535,BASP1P1
ENSG00000230539,AOAH-IT1
ENSG00000230551,CTB-89H12.4
ENSG00000230552,AC092162.1
ENSG00000230555,RP11-517P14.2
ENSG00000230562,FAM133DP
ENSG00000230563,RP5-828H9.1
ENSG00000230565,ZNF32-AS2
ENSG00000230578,RP13-228J13.5
ENSG00000230581,RP11-390F4.8
ENSG00000230590,FTX
ENSG00000230596,AC112229.4
ENSG00000230606,AC159540.1
ENSG00000230623,RP11-469A15.2
ENSG00000230626,RP11-286H14.4
ENSG00000230628,RP4-781K5.6
ENSG00000230629,RPS23P8
ENSG00000230630,DNM3OS
ENSG00000230638,RP11-486B10.4
ENSG00000230655,OR7E55P
ENSG00000230658,KLHL7-AS1
ENSG00000230666,CEACAM22P
ENSG00000230673,PABPC1P3
ENSG00000230679,ENO1-AS1
ENSG00000230696,AC011753.5
ENSG00000230699,RP11-54O7.1
ENSG00000230701,FBXW4P1
ENSG00000230702,RP11-681L4.1
ENSG00000230706,RP5-998G20.1
ENSG00000230709,AC104024.1
ENSG00000230715,RP11-274B21.4
ENSG00000230724,LINC01001
ENSG00000230732,AC127904.2
ENSG00000230747,AC021188.4
ENSG00000230769,RP3-408N23.4
ENSG00000230772,VN1R108P
ENSG00000230773,AC079807.4
ENSG00000230782,RP11-508N12.2
ENSG00000230783,AC009961.2
ENSG00000230789,ARHGAP26-IT1
ENSG00000230795,HLA-K
ENSG00000230804,RP11-216M21.2
ENSG00000230815,RP11-49O14.3
ENSG00000230823,CBX1P1
ENSG00000230826,RP11-417B4.2
ENSG00000230832,RP11-325P15.2
ENSG00000230833,RPEP3
ENSG00000230835,AP001187.11
ENSG00000230844,ZNF674-AS1
ENSG00000230847,RP11-195E2.1
ENSG00000230849,GOT2P2
ENSG00000230863,RP4-595K12.2
ENSG00000230869,CTGLF10P
ENSG00000230870,FBXW11P1
ENSG00000230872,AC092338.5
ENSG00000230882,AC005077.14
ENSG00000230889,SHC1P1
ENSG00000230896,RP11-767N6.7
ENSG00000230898,RP11-9L18.3
ENSG00000230914,AC004840.8
ENSG00000230922,RP4-753M9.1
ENSG00000230923,LINC00309
ENSG00000230928,RP11-34A14.3
ENSG00000230937,MIR205HG
ENSG00000230943,RP11-367G18.1
ENSG00000230948,AP001331.1
ENSG00000230951,RP11-573D15.6
ENSG00000230955,RP11-109P14.10
ENSG00000230956,RP3-452M16.1
ENSG00000230960,RP5-1086L22.1
ENSG00000230965,SNX18P13
ENSG00000230993,RPL12P15
ENSG00000231007,CDC20P1
ENSG00000231028,LINC00271
ENSG00000231035,RPL7L1P9
ENSG00000231043,AC007238.1
ENSG00000231047,GCNT1P3
ENSG00000231050,RP1-140A9.1
ENSG00000231057,RP11-122M14.1
ENSG00000231058,MSANTD2P1
ENSG00000231063,AC006994.1
ENSG00000231064,RP11-263K19.4
ENSG00000231066,NPM1P9
ENSG00000231074,HCG18
ENSG00000231079,AC105402.4
ENSG00000231086,TSSK1A
ENSG00000231104,RP11-354M20.3
ENSG00000231105,RP5-1071N3.1
ENSG00000231108,RP11-390F4.9
ENSG00000231113,RP3-475N16.1
ENSG00000231119,RP4-569M23.2
ENSG00000231125,AF129075.5
ENSG00000231128,RP5-1073O3.2
ENSG00000231130,HLA-T
ENSG00000231154,MORF4L2-AS1
ENSG00000231160,RP11-617D20.1
ENSG00000231162,COX11P1
ENSG00000231177,LINC00852
ENSG00000231181,RP13-15M17.1
ENSG00000231185,AC005592.2
ENSG00000231187,RP11-38L15.3
ENSG00000231188,RP11-34D15.2
ENSG00000231193,RP11-462B18.2
ENSG00000231195,IFNA11P
ENSG00000231205,ZNF826P
ENSG00000231212,RP11-111F5.3
ENSG00000231216,GS1-600G8.3
ENSG00000231222,ARF4P4
ENSG00000231227,RP11-85O21.4
ENSG00000231233,CCDC147-AS1
ENSG00000231234,SKP1P1
ENSG00000231244,PSMC1P3
ENSG00000231249,ITPR1-AS1
ENSG00000231256,C17orf105
ENSG00000231259,AC125232.1
ENSG00000231272,RP4-799P18.4
ENSG00000231290,APCDD1L-AS1
ENSG00000231304,AC107622.1
ENSG00000231305,RP11-723O4.2
ENSG00000231307,RPS3P2
ENSG00000231312,AC007246.3
ENSG00000231327,AC016700.5
ENSG00000231329,RP1-225E12.2
ENSG00000231333,RPL34P6
ENSG00000231345,RP11-564C4.6
ENSG00000231346,LINC01160
ENSG00000231365,RP11-418J17.1
ENSG00000231390,SNX18P8
ENSG00000231395,AC124914.3
ENSG00000231401,AC023481.1
ENSG00000231402,WASF5P
ENSG00000231407,RP11-576I22.2
ENSG00000231439,WASIR2
ENSG00000231440,RP11-467I20.6
ENSG00000231460,RP11-321L2.1
ENSG00000231464,AC024937.4
ENSG00000231466,CTA-246H3.11
ENSG00000231473,LINC00441
ENSG00000231507,RP11-134P9.3
ENSG00000231508,RP11-452K12.6
ENSG00000231512,RP11-261C10.2
ENSG00000231521,RP11-244N9.4
ENSG00000231527,RP11-374M1.2
ENSG00000231534,FBXO36-IT1
ENSG00000231536,AC123886.2
ENSG00000231544,RSL24D1P11
ENSG00000231551,RP11-495P10.1
ENSG00000231557,AC018717.1
ENSG00000231560,AC091814.3
ENSG00000231561,CEACAMP5
ENSG00000231576,Z95114.3
ENSG00000231579,RPL7P21
ENSG00000231584,FAHD2CP
ENSG00000231595,AC005224.2
ENSG00000231607,DLEU2
ENSG00000231612,RP11-522M21.3
ENSG00000231615,RP11-296O14.2
ENSG00000231616,RP11-575L7.4
ENSG00000231635,ATP5BP1
ENSG00000231646,AC008174.3
ENSG00000231663,RP5-827C21.4
ENSG00000231665,OGFOD1P1
ENSG00000231668,PPP2R2DP1
ENSG00000231671,RP11-157N3.1
ENSG00000231672,DIRC3
ENSG00000231686,RP1-203P18.1
ENSG00000231697,NANOGP5
ENSG00000231701,BMS1P13
ENSG00000231703,RP4-669H2.1
ENSG00000231704,AC004895.4
ENSG00000231721,LINC-PINT
ENSG00000231728,LL0XNC01-116E7.2
ENSG00000231729,ARHGEF9-IT1
ENSG00000231731,AC010976.2
ENSG00000231744,RP11-164H5.1
ENSG00000231752,EMBP1
ENSG00000231755,CHODL-AS1
ENSG00000231765,PPP1R11P2
ENSG00000231770,TMEM44-AS1
ENSG00000231784,DBIL5P
ENSG00000231787,RP11-370B6.1
ENSG00000231789,RP11-558F24.4
ENSG00000231793,DOC2GP
ENSG00000231794,AC009542.2
ENSG00000231808,RP11-143M1.4
ENSG00000231817,RP11-189B4.6
ENSG00000231822,AC019097.7
ENSG00000231826,AC016735.2
ENSG00000231830,XX-FW83128A1.2
ENSG00000231840,AC073342.12
ENSG00000231841,RP11-206F17.2
ENSG00000231848,AC012354.8
ENSG00000231856,RP11-327P2.5
ENSG00000231864,RP11-229P13.23
ENSG00000231871,IPO9-AS1
ENSG00000231875,RP11-346E8.1
ENSG00000231877,RP11-177F15.1
ENSG00000231880,KBTBD4
ENSG00000231881,RP5-1120P11.3
ENSG00000231888,MTND5P15
ENSG00000231889,TRAF3IP2-AS1
ENSG00000231890,AC093391.2
ENSG00000231900,GOT2P1
ENSG00000231901,RP11-281A20.1
ENSG00000231907,GAPDHP37
ENSG00000231908,IDH1-AS1
ENSG00000231910,GAMTP2
ENSG00000231916,AC006033.22
ENSG00000231940,RPS7P3
ENSG00000231961,RP5-967N21.7
ENSG00000231969,AC144449.1
ENSG00000231991,ANXA2P2
ENSG00000231999,RP5-1007M22.2
ENSG00000232004,CAP1P2
ENSG00000232006,AC005537.2
ENSG00000232010,AP001059.5
ENSG00000232021,LEF1-AS1
ENSG00000232022,RP5-1109J22.1
ENSG00000232024,LSM12P1
ENSG00000232036,GS1-115G20.2
ENSG00000232041,PSMD10P3
ENSG00000232053,AC009784.3
ENSG00000232060,RP11-255N24.4
ENSG00000232063,RP11-307E17.8
ENSG00000232065,LINC01063
ENSG00000232073,RP1-302D9.3
ENSG00000232081,LARGE-IT1
ENSG00000232093,RP11-307C12.11
ENSG00000232098,CTD-2619J13.14
ENSG00000232104,RP11-509J21.1
ENSG00000232109,AL022344.2
ENSG00000232117,LINC00384
ENSG00000232124,AP001057.1
ENSG00000232134,RPS15AP12
ENSG00000232150,ST13P4
ENSG00000232160,RAP2C-AS1
ENSG00000232164,AC092669.3
ENSG00000232166,RP4-799P18.5
ENSG00000232168,RP11-180D15.1
ENSG00000232173,OR2H5P
ENSG00000232176,RP11-146N23.1
ENSG00000232186,RP11-311P8.2
ENSG00000232199,RPL3P8
ENSG00000232215,OR2L6P
ENSG00000232228,RP11-77O7.1
ENSG00000232233,RP11-573D15.2
ENSG00000232265,XXyac-YX155B6.5
ENSG00000232271,RP4-764O22.1
ENSG00000232282,MTND1P32
ENSG00000232284,GNG12-AS1
ENSG00000232300,FAM215B
ENSG00000232303,RP11-205M20.7
ENSG00000232309,GS1-122H1.1
ENSG00000232311,RP1-249I4.2
ENSG00000232335,RP11-435D7.3
ENSG00000232337,AC009313.2
ENSG00000232354,VIPR1-AS1
ENSG00000232361,RP11-632K21.3
ENSG00000232366,VDAC1P9
ENSG00000232373,MTCYBP3
ENSG00000232380,ZDHHC20P4
ENSG00000232381,OR52U1P
ENSG00000232389,RP11-134K13.2
ENSG00000232392,AC002366.3
ENSG00000232407,RP11-641C17.2
ENSG00000232422,KNOP1P4
ENSG00000232430,RPL31P15
ENSG00000232433,RP11-341A11.2
ENSG00000232442,CTD-3184A7.4
ENSG00000232445,RP11-132A1.4
ENSG00000232450,RP4-730K3.3
ENSG00000232453,RP4-794H19.1
ENSG00000232454,RP11-3J10.7
ENSG00000232459,OR4F14P
ENSG00000232460,BMPR1APS2
ENSG00000232466,RP11-337A23.5
ENSG00000232470,RP11-313D6.3
ENSG00000232472,EEF1B2P3
ENSG00000232479,AC010900.2
ENSG00000232485,AC098820.3
ENSG00000232486,RP11-18B3.2
ENSG00000232489,MFAP1P1
ENSG00000232499,RP11-512F24.1
ENSG00000232502,AC073464.7
ENSG00000232504,AC105053.4
ENSG00000232526,AC025750.6
ENSG00000232533,AC093673.5
ENSG00000232535,OR5H8P
ENSG00000232545,KB-318B8.7
ENSG00000232553,AC006026.10
ENSG00000232564,RP4-591N18.2
ENSG00000232568,RPL23AP35
ENSG00000232573,RPL3P4
ENSG00000232586,RP11-46A10.4
ENSG00000232587,EEF1A1P3
ENSG00000232591,RP5-1031D4.2
ENSG00000232593,LINC01155
ENSG00000232611,RP11-1114A5.4
ENSG00000232613,AC007386.4
ENSG00000232618,RP11-439L18.1
ENSG00000232623,AP000266.7
ENSG00000232626,RP11-175B9.2
ENSG00000232656,IDI2-AS1
ENSG00000232671,RP11-126K1.2
ENSG00000232677,LINC00665
ENSG00000232679,RP11-400N13.3
ENSG00000232680,AC002511.3
ENSG00000232692,AP001596.6
ENSG00000232696,AC017006.2
ENSG00000232709,MARK2P9
ENSG00000232713,AC010733.5
ENSG00000232716,AC016831.6
ENSG00000232721,RP11-403I13.5
ENSG00000232724,AC111186.1
ENSG00000232727,YWHAEP1
ENSG00000232729,AC083884.8
ENSG00000232732,AC073043.1
ENSG00000232736,AC007551.2
ENSG00000232748,ZNF668
ENSG00000232774,RP11-47I22.3
ENSG00000232788,AC078883.3
ENSG00000232798,RP11-204M4.1
ENSG00000232800,SLC7A15P
ENSG00000232807,RP11-536K7.3
ENSG00000232811,RP11-96K19.2
ENSG00000232815,LINC00537
ENSG00000232818,RPS2P32
ENSG00000232823,TXNP1
ENSG00000232827,RP11-211N8.7
ENSG00000232828,AF196970.3
ENSG00000232842,RP5-961K14.1
ENSG00000232846,SLC25A6P3
ENSG00000232850,AL590708.2
ENSG00000232855,AF131217.1
ENSG00000232859,LYRM9
ENSG00000232860,SMG7-AS1
ENSG00000232862,RP4-665N4.4
ENSG00000232871,SEC1P
ENSG00000232876,CTA-212D2.2
ENSG00000232878,DPYD-AS1
ENSG00000232882,PHKA1P1
ENSG00000232884,AF127936.3
ENSG00000232888,RPS11P5
ENSG00000232891,RP11-136K14.1
ENSG00000232894,MRPS31P2
ENSG00000232896,RP11-410K21.2
ENSG00000232906,RP11-746P2.3
ENSG00000232907,RP5-977B1.7
ENSG00000232915,AC097721.1
ENSG00000232931,LINC00342
ENSG00000232934,RP11-324O2.3
ENSG00000232938,AC139099.3
ENSG00000232940,HCG25
ENSG00000232946,RP11-390F4.2
ENSG00000232947,RP11-401E14.2
ENSG00000232952,RP11-90H3.1
ENSG00000232953,HSPA8P18
ENSG00000232956,SNHG15
ENSG00000232973,CYP1B1-AS1
ENSG00000232977,LINC00327
ENSG00000232987,AC051649.6
ENSG00000232994,RPL7P14
ENSG00000232995,RP11-267N12.3
ENSG00000232998,VPS13A-AS1
ENSG00000233006,AC034220.3
ENSG00000233007,AF241726.4
ENSG00000233008,RP11-475O6.1
ENSG00000233010,RPEP4
ENSG00000233016,SNHG7
ENSG00000233020,RP11-42O15.2
ENSG00000233025,CRYZP1
ENSG00000233030,RP11-196G18.3
ENSG00000233040,FAM204BP
ENSG00000233045,AC097523.1
ENSG00000233048,RP5-1069C8.2
ENSG00000233058,LINC00884
ENSG00000233063,SAR1AP4
ENSG00000233072,RPS15AP6
ENSG00000233073,AC005009.2
ENSG00000233080,CTA-714B7.5
ENSG00000233084,AL672183.2
ENSG00000233098,RP11-344E13.3
ENSG00000233101,HOXB-AS3
ENSG00000233108,AC006042.7
ENSG00000233110,RP11-301L8.2
ENSG00000233121,VN1R20P
ENSG00000233131,AC096649.1
ENSG00000233154,RP4-655J12.4
ENSG00000233155,HMGA1P8
ENSG00000233157,RP3-388M5.8
ENSG00000233170,RP11-863K10.4
ENSG00000233175,CTD-2020K17.3
ENSG00000233178,RP11-88I18.2
ENSG00000233184,RP11-421L21.3
ENSG00000233198,RNF224
ENSG00000233203,RP11-67L3.4
ENSG00000233205,AC108479.2
ENSG00000233211,GRPEL2P1
ENSG00000233217,MROH3P
ENSG00000233220,LINC00167
ENSG00000233221,AC133785.1
ENSG00000233223,AC113189.5
ENSG00000233225,AC004987.9
ENSG00000233230,AC079807.2
ENSG00000233236,AP001171.1
ENSG00000233242,RP11-220I1.2
ENSG00000233243,RP11-12D5.5
ENSG00000233246,RP11-415J8.5
ENSG00000233251,AC007743.1
ENSG00000233261,LINC00264
ENSG00000233264,AC006042.8
ENSG00000233266,HMGB1P31
ENSG00000233270,SNRPEP4
ENSG00000233273,AMMECR1LP1
ENSG00000233287,AC009362.2
ENSG00000233290,RP11-147G16.1
ENSG00000233296,AC092159.2
ENSG00000233297,RASA4DP
ENSG00000233324,EEF1A1P34
ENSG00000233327,USP32P2
ENSG00000233343,ATP6V1G1P4
ENSG00000233347,ERP29P1
ENSG00000233360,Z83844.1
ENSG00000233369,RP11-396K3.1
ENSG00000233382,NKAPP1
ENSG00000233388,RP4-569D19.5
ENSG00000233396,RP11-458D21.1
ENSG00000233401,PRKAR1AP
ENSG00000233420,AC002127.4
ENSG00000233421,U1
ENSG00000233426,EIF3FP3
ENSG00000233429,HOTAIRM1
ENSG00000233441,CYP2AB1P
ENSG00000233448,PMS2P9
ENSG00000233452,STXBP5-AS1
ENSG00000233457,RP11-336N8.1
ENSG00000233461,RP11-295G20.2
ENSG00000233469,ST6GALNAC4P1
ENSG00000233473,RAD1P2
ENSG00000233476,EEF1A1P6
ENSG00000233483,CTD-2020K17.4
ENSG00000233509,ZNF197-AS1
ENSG00000233515,AL022344.4
ENSG00000233523,PHBP5
ENSG00000233524,RANP8
ENSG00000233527,AC092295.7
ENSG00000233539,AC011294.3
ENSG00000233558,RP3-486I3.4
ENSG00000233559,AC016831.7
ENSG00000233560,KRT8P39
ENSG00000233570,LINC00690
ENSG00000233578,RP5-1022P6.3
ENSG00000233579,KRT8P15
ENSG00000233585,AC115617.2
ENSG00000233586,RP11-763B22.3
ENSG00000233588,CYP51A1P2
ENSG00000233593,RP4-665J23.1
ENSG00000233597,RP11-343B5.1
ENSG00000233602,ERI3-IT1
ENSG00000233606,OR6C66P
ENSG00000233621,LINC01137
ENSG00000233623,PGAM1P11
ENSG00000233646,OR52T1P
ENSG00000233647,RP11-8J9.1
ENSG00000233668,RP11-571F15.3
ENSG00000233672,RNASEH2B-AS1
ENSG00000233673,ANAPC1P1
ENSG00000233674,RP11-184I16.3
ENSG00000233680,HNRNPA1P27
ENSG00000233684,AC079779.6
ENSG00000233690,EBAG9P1
ENSG00000233694,AC007365.1
ENSG00000233695,GAS6-AS1
ENSG00000233716,AC074367.1
ENSG00000233719,GOT2P3
ENSG00000233762,AC007969.5
ENSG00000233764,Z95114.4
ENSG00000233775,RP4-811H24.9
ENSG00000233785,RP13-314C10.5
ENSG00000233791,LINC01136
ENSG00000233806,AC131097.3
ENSG00000233817,RP11-168K11.3
ENSG00000233818,AP000695.4
ENSG00000233820,RP11-535M15.2
ENSG00000233825,RP11-135A24.4
ENSG00000233828,AC008394.1
ENSG00000233830,EIF4HP1
ENSG00000233834,AC005083.1
ENSG00000233836,RP11-255H23.2
ENSG00000233837,EIF3LP2
ENSG00000233844,KCNQ5-IT1
ENSG00000233846,RP11-307L3.2
ENSG00000233852,AC005304.1
ENSG00000233859,ADH5P4
ENSG00000233862,AC016907.3
ENSG00000233871,DLG5-AS1
ENSG00000233874,RP1-136J15.5
ENSG00000233878,AC073133.1
ENSG00000233892,PAIP1P1
ENSG00000233901,RP11-65J3.1
ENSG00000233902,XXbac-BPG181B23.6
ENSG00000233903,Z83851.4
ENSG00000233912,AC026202.3
ENSG00000233913,CTC-575D19.1
ENSG00000233915,UBE2Q2P10
ENSG00000233922,AL133493.2
ENSG00000233924,AL160471.6
ENSG00000233937,CTC-338M12.4
ENSG00000233942,AC004012.1
ENSG00000233956,BTF3P6
ENSG00000233967,RP11-250B2.3
ENSG00000233974,RP11-823P9.3
ENSG00000233984,RPSAP14
ENSG00000233996,AC013439.4
ENSG00000233998,SETP5
ENSG00000234005,GAPDHP22
ENSG00000234006,DDX39B-AS1
ENSG00000234009,RPL5P34
ENSG00000234026,RP11-310E22.4
ENSG00000234028,AC062029.1
ENSG00000234040,RP11-254B13.4
ENSG00000234043,RP11-56M3.1
ENSG00000234056,AMER2-AS1
ENSG00000234062,RP11-308D16.4
ENSG00000234072,AC074117.10
ENSG00000234073,AC011816.1
ENSG00000234107,TPT1P1
ENSG00000234129,RP11-120D5.1
ENSG00000234130,RP13-88F20.1
ENSG00000234141,AC009473.1
ENSG00000234142,RP11-276E17.2
ENSG00000234143,UGT1A13P
ENSG00000234147,RP3-460G2.2
ENSG00000234148,RP11-395L14.3
ENSG00000234155,RP11-30P6.6
ENSG00000234160,RP11-613M10.6
ENSG00000234167,TCEB2P4
ENSG00000234171,RNASEH1-AS1
ENSG00000234174,AC016683.5
ENSG00000234176,HSPA8P1
ENSG00000234183,AC004854.4
ENSG00000234184,RP5-887A10.1
ENSG00000234199,AC010982.1
ENSG00000234203,RP5-1050D4.2
ENSG00000234210,AC006372.4
ENSG00000234213,FHP1
ENSG00000234219,RP11-454L1.2
ENSG00000234222,RP11-315I20.1
ENSG00000234229,RP11-308N19.4
ENSG00000234231,AC093616.4
ENSG00000234241,RP4-775C13.1
ENSG00000234244,RP11-139J15.5
ENSG00000234261,RP11-146I2.1
ENSG00000234268,AP000936.1
ENSG00000234282,RP4-673D20.4
ENSG00000234290,AC116366.6
ENSG00000234311,RP11-432J24.3
ENSG00000234323,RP11-308N19.1
ENSG00000234325,MRPS10P2
ENSG00000234327,AC012146.7
ENSG00000234329,RP11-767N6.2
ENSG00000234335,RPS4XP11
ENSG00000234337,RP11-297L17.6
ENSG00000234345,LL0XNC01-116E7.1
ENSG00000234350,AC007405.4
ENSG00000234353,AP000347.4
ENSG00000234358,AC003080.4
ENSG00000234362,AC104654.2
ENSG00000234377,RNF219-AS1
ENSG00000234380,AP000330.8
ENSG00000234389,AC007278.3
ENSG00000234390,USP27X-AS1
ENSG00000234394,RP11-561O23.5
ENSG00000234405,LL0XNC01-250H12.3
ENSG00000234420,ZNF37BP
ENSG00000234423,AC019118.2
ENSG00000234426,RP11-459O1.2
ENSG00000234428,RP11-666F17.1
ENSG00000234432,RP11-1275H24.1
ENSG00000234456,MAGI2-AS3
ENSG00000234471,AC147651.1
ENSG00000234473,ZNF101P2
ENSG00000234476,RP11-496N12.6
ENSG00000234492,RPL34-AS1
ENSG00000234494,AC003665.1
ENSG00000234498,RPL13AP20
ENSG00000234502,FYTTD1P1
ENSG00000234504,RP11-285G1.2
ENSG00000234509,AP000253.1
ENSG00000234518,PTGES3P1
ENSG00000234522,RP11-572P18.2
ENSG00000234534,RP11-39K24.2
ENSG00000234546,RP3-510D11.2
ENSG00000234569,RAD1P1
ENSG00000234570,ZFRP1
ENSG00000234572,AC007880.1
ENSG00000234578,RP4-784A16.1
ENSG00000234585,CCT6P3
ENSG00000234608,MAPKAPK5-AS1
ENSG00000234614,AL450992.2
ENSG00000234617,SNRK-AS1
ENSG00000234618,RPSAP9
ENSG00000234622,RP13-297E16.5
ENSG00000234624,AC016894.1
ENSG00000234639,AC009263.2
ENSG00000234645,YWHAEP5
ENSG00000234663,AC104820.2
ENSG00000234664,HMGN2P5
ENSG00000234665,RP11-262H14.3
ENSG00000234667,ACTBP13
ENSG00000234678,RP11-465N4.4
ENSG00000234684,SDCBP2-AS1
ENSG00000234685,NUS1P2
ENSG00000234690,AC073283.4
ENSG00000234694,RP1-92O14.3
ENSG00000234699,RP11-225H22.4
ENSG00000234705,HMGA1P4
ENSG00000234709,UPF3AP3
ENSG00000234719,RP11-166B2.1
ENSG00000234737,KRT18P15
ENSG00000234741,GAS5
ENSG00000234753,RP11-328M4.2
ENSG00000234769,WASH4P
ENSG00000234771,RP11-395P17.3
ENSG00000234772,LINC00412
ENSG00000234773,CTD-2666L21.1
ENSG00000234776,C11orf94
ENSG00000234782,TPT1P9
ENSG00000234788,HSPA8P3
ENSG00000234797,RPS3AP6
ENSG00000234807,LINC01135
ENSG00000234810,RP11-466L17.1
ENSG00000234816,U91328.2
ENSG00000234817,RP3-400B16.1
ENSG00000234825,XRCC6P2
ENSG00000234832,RP3-322G13.7
ENSG00000234835,PHBP13
ENSG00000234840,RP11-399D6.2
ENSG00000234841,RP11-119H12.4
ENSG00000234851,RP11-3P17.3
ENSG00000234857,HNRNPUL2-BSCL2
ENSG00000234862,RP5-1097P24.1
ENSG00000234869,RP3-439F8.1
ENSG00000234882,EIF3EP1
ENSG00000234883,MIR155HG
ENSG00000234886,MTND5P26
ENSG00000234899,SOX9-AS1
ENSG00000234902,AC007879.2
ENSG00000234911,TEX21P
ENSG00000234912,LINC00338
ENSG00000234913,XXbac-B476C20.13
ENSG00000234917,RP5-994D16.3
ENSG00000234925,RP11-254B13.3
ENSG00000234936,AC010883.5
ENSG00000234937,RP11-101O6.2
ENSG00000234944,RP11-124O11.1
ENSG00000234946,SDHCP3
ENSG00000234956,RP11-356I2.1
ENSG00000234969,RP13-33H18.1
ENSG00000234975,FTH1P2
ENSG00000234981,RP11-534L20.4
ENSG00000234985,RP11-3L10.3
ENSG00000234986,XX-C2158C12.1
ENSG00000234996,RP11-480I12.7
ENSG00000234999,AC004016.2
ENSG00000235001,EIF4A1P2
ENSG00000235008,RP3-497J21.1
ENSG00000235012,AF121897.4
ENSG00000235013,COX20P2
ENSG00000235018,RP11-11M20.2
ENSG00000235023,AP001626.2
ENSG00000235033,RP11-61I13.3
ENSG00000235036,RP5-1099D15.1
ENSG00000235043,TECRP1
ENSG00000235044,PPIAP3
ENSG00000235051,RP11-637O19.2
ENSG00000235052,RP1-150O5.3
ENSG00000235056,AC010983.1
ENSG00000235070,AC068138.1
ENSG00000235071,RP11-759L5.2
ENSG00000235072,AC012074.2
ENSG00000235076,GAPDHP52
ENSG00000235078,AC142528.1
ENSG00000235081,AC010492.2
ENSG00000235088,RP4-620E11.4
ENSG00000235090,RPL7L1P3
ENSG00000235092,AC011747.7
ENSG00000235095,RP11-1217F2.1
ENSG00000235100,RP11-80H5.9
ENSG00000235101,SETP9
ENSG00000235105,RP11-329A14.1
ENSG00000235106,LINC00094
ENSG00000235111,RP1-29C18.8
ENSG00000235123,DSCAM-AS1
ENSG00000235128,AC013474.4
ENSG00000235142,RP1-60O19.1
ENSG00000235145,RP11-533E19.3
ENSG00000235151,AC114730.2
ENSG00000235172,CTB-114C7.3
ENSG00000235183,RP11-613C6.4
ENSG00000235192,AC009495.2
ENSG00000235197,ZNF33AP1
ENSG00000235204,RP11-121A14.2
ENSG00000235217,TSPY26P
ENSG00000235221,LINC00401
ENSG00000235244,RP11-761E20.1
ENSG00000235245,RP11-122K13.12
ENSG00000235248,OR13C1P
ENSG00000235251,RP11-384B12.2
ENSG00000235254,TMEM185AP1
ENSG00000235257,AC093415.2
ENSG00000235262,KDM5C-IT1
ENSG00000235271,RP1-90L6.3
ENSG00000235275,KRT18P16
ENSG00000235280,MCF2L-AS1
ENSG00000235286,AP000925.2
ENSG00000235289,BRD7P6
ENSG00000235290,HLA-W
ENSG00000235300,AC090627.1
ENSG00000235303,RP1-79C4.1
ENSG00000235313,HM13-IT1
ENSG00000235314,LINC00957
ENSG00000235316,DUSP8P5
ENSG00000235319,AC012360.4
ENSG00000235330,RP11-165F24.2
ENSG00000235366,LINC01055
ENSG00000235370,DNM1P51
ENSG00000235371,RP4-764D2.1
ENSG00000235374,SSR4P1
ENSG00000235377,RP11-388B24.4
ENSG00000235381,RP11-477D19.2
ENSG00000235385,GS1-600G8.5
ENSG00000235387,LINC00961
ENSG00000235390,CTD-2651B20.5
ENSG00000235408,SNORA71B
ENSG00000235411,AC007041.2
ENSG00000235419,AC010149.4
ENSG00000235423,RP11-282O18.3
ENSG00000235437,RP11-357C3.3
ENSG00000235438,ESRRAP2
ENSG00000235445,XXbac-B476C20.14
ENSG00000235481,RP11-133O22.6
ENSG00000235482,RPL21P135
ENSG00000235489,DBF4P1
ENSG00000235493,AC092415.1
ENSG00000235499,AC073046.25
ENSG00000235505,RP11-693N9.2
ENSG00000235508,RPS2P7
ENSG00000235513,RP4-756G23.5
ENSG00000235527,RP5-1073O3.7
ENSG00000235530,AC087294.2
ENSG00000235531,RP11-383H13.1
ENSG00000235544,RPS11P1
ENSG00000235545,RP11-230B22.1
ENSG00000235552,RPL6P27
ENSG00000235554,AC005822.1
ENSG00000235560,AC002310.12
ENSG00000235571,SNX18P14
ENSG00000235574,AC073150.6
ENSG00000235590,GNAS-AS1
ENSG00000235592,GS1-600G8.4
ENSG00000235609,AF127936.7
ENSG00000235613,NSRP1P1
ENSG00000235615,AJ239322.1
ENSG00000235618,RP11-324H6.5
ENSG00000235621,LINC00494
ENSG00000235629,AC090952.5
ENSG00000235636,NUS1P1
ENSG00000235641,LINC00484
ENSG00000235647,RP1-172B20.6
ENSG00000235651,AC064850.4
ENSG00000235652,RP11-545I5.3
ENSG00000235655,H3F3AP4
ENSG00000235663,SAPCD1-AS1
ENSG00000235665,LINC00298
ENSG00000235672,AC090286.2
ENSG00000235683,AC018442.1
ENSG00000235687,LINC00993
ENSG00000235698,PA2G4P2
ENSG00000235701,PCBP2P1
ENSG00000235703,LINC00894
ENSG00000235706,DICER1-AS1
ENSG00000235720,RP11-340I6.6
ENSG00000235721,AC013268.3
ENSG00000235724,AC009299.2
ENSG00000235748,RP11-32D17.4
ENSG00000235750,KIAA0040
ENSG00000235760,AC138655.4
ENSG00000235770,LINC00607
ENSG00000235779,AC079779.5
ENSG00000235781,XXbac-BPG249D20.9
ENSG00000235786,ZNRF3-IT1
ENSG00000235795,RP11-421L21.2
ENSG00000235808,MYL6P2
ENSG00000235821,IFITM4P
ENSG00000235823,LINC00263
ENSG00000235831,BHLHE40-AS1
ENSG00000235833,AC159540.14
ENSG00000235843,RP13-16H11.5
ENSG00000235848,RMDN2-AS1
ENSG00000235852,AC005540.3
ENSG00000235859,AC006978.6
ENSG00000235862,RP11-338C15.5
ENSG00000235879,FAR1P1
ENSG00000235881,AC114776.3
ENSG00000235897,TM4SF19-AS1
ENSG00000235903,CPB2-AS1
ENSG00000235908,RHOA-IT1
ENSG00000235917,RP11-39K24.14
ENSG00000235919,ASH1L-AS1
ENSG00000235920,AC073109.2
ENSG00000235927,NEXN-AS1
ENSG00000235929,TPT1P14
ENSG00000235944,ZNF815P
ENSG00000235946,LL0XNC01-240C2.1
ENSG00000235947,EGOT
ENSG00000235954,TTC28-AS1
ENSG00000235965,AP000431.1
ENSG00000235978,AC018816.3
ENSG00000235989,MORC2-AS1
ENSG00000235990,RP11-323D18.5
ENSG00000235997,AC109642.1
ENSG00000236008,AC011747.4
ENSG00000236015,AC011290.5
ENSG00000236017,ASMTL-AS1
ENSG00000236021,RP11-195C7.1
ENSG00000236047,AC073410.1
ENSG00000236049,AC104777.2
ENSG00000236051,MYCBP2-AS1
ENSG00000236056,GAPDHP14
ENSG00000236065,RP1-117O3.2
ENSG00000236069,RP5-1011O1.3
ENSG00000236081,AC074389.9
ENSG00000236085,ACTG1P4
ENSG00000236086,HMGN2P28
ENSG00000236088,COX10-AS1
ENSG00000236095,RP11-49O14.2
ENSG00000236137,RP11-27K13.3
ENSG00000236144,AD000090.2
ENSG00000236156,CHCHD4P3
ENSG00000236159,RP3-343K2.4
ENSG00000236180,RP11-163G10.4
ENSG00000236184,TCEA1P4
ENSG00000236187,GJA6P
ENSG00000236193,RP11-105N14.3
ENSG00000236194,AC003104.1
ENSG00000236200,KDM4A-AS1
ENSG00000236204,AC092594.1
ENSG00000236209,AC104135.2
ENSG00000236212,AC009262.2
ENSG00000236240,GPC5-IT1
ENSG00000236254,MTND4P14
ENSG00000236255,AC009404.2
ENSG00000236263,RP11-263K19.6
ENSG00000236264,RPL26P30
ENSG00000236296,GUSBP5
ENSG00000236297,RP11-175P19.2
ENSG00000236303,RP11-540N6.1
ENSG00000236308,RP11-316M21.7
ENSG00000236313,VN1R53P
ENSG00000236318,AC019117.1
ENSG00000236323,BMP6P1
ENSG00000236330,RPL5P9
ENSG00000236349,SUCLG2P2
ENSG00000236352,AC005220.3
ENSG00000236358,RP5-827C21.2
ENSG00000236359,OR51B8P
ENSG00000236360,RP11-334A14.2
ENSG00000236375,POU5F1P5
ENSG00000236394,RP11-229P13.15
ENSG00000236397,DDX11L2
ENSG00000236404,RP11-125B21.2
ENSG00000236409,NRADDP
ENSG00000236423,LINC01134
ENSG00000236432,AC097662.2
ENSG00000236437,AP001891.1
ENSG00000236438,FAM157A
ENSG00000236447,ATG10-IT1
ENSG00000236449,AC018890.6
ENSG00000236452,AC123023.1
ENSG00000236453,AC003092.1
ENSG00000236456,RP4-785G19.2
ENSG00000236459,HNRNPA1P22
ENSG00000236463,LINC00427
ENSG00000236474,GCNT1P1
ENSG00000236478,AC012513.4
ENSG00000236480,PKMP1
ENSG00000236483,CTD-3105H18.8
ENSG00000236489,RP11-537I16.2
ENSG00000236499,LINC00896
ENSG00000236507,RP5-1050E16.1
ENSG00000236514,RP11-162G10.5
ENSG00000236519,AL773604.8
ENSG00000236525,AC007278.2
ENSG00000236528,RP1-125I3.2
ENSG00000236529,RP13-254B10.1
ENSG00000236532,AL035610.2
ENSG00000236535,RC3H1-IT1
ENSG00000236542,MED28P7
ENSG00000236552,RPL13AP5
ENSG00000236554,ASNSP3
ENSG00000236567,RP11-39K24.7
ENSG00000236576,RP11-22B10.3
ENSG00000236582,PRPF38AP2
ENSG00000236617,RP11-46H11.12
ENSG00000236618,PITPNA-AS1
ENSG00000236646,LAMTOR5P1
ENSG00000236668,RP11-85O21.2
ENSG00000236670,KRT18P5
ENSG00000236674,RP4-792G4.3
ENSG00000236680,RP11-296P7.4
ENSG00000236682,AC068282.3
ENSG00000236695,HNRNPA1P47
ENSG00000236709,DAPK1-IT1
ENSG00000236723,RP5-1024G6.2
ENSG00000236753,MKLN1-AS
ENSG00000236754,AC004019.13
ENSG00000236756,DNAJC9-AS1
ENSG00000236760,AC019118.3
ENSG00000236778,INTS6-AS1
ENSG00000236782,RP11-96L14.7
ENSG00000236785,AC007248.7
ENSG00000236790,LINC00299
ENSG00000236792,RP11-142L4.2
ENSG00000236804,RPS3AP12
ENSG00000236809,SNX25P1
ENSG00000236810,RP5-886K2.3
ENSG00000236814,RP11-446E9.1
ENSG00000236829,Z97634.3
ENSG00000236830,CBR3-AS1
ENSG00000236833,AC024560.2
ENSG00000236857,RP11-503K16.2
ENSG00000236859,NIFK-AS1
ENSG00000236871,LINC00106
ENSG00000236882,C5orf27
ENSG00000236888,RPS20P5
ENSG00000236901,MIR600HG
ENSG00000236905,RP11-348H3.2
ENSG00000236908,RP5-1063M23.2
ENSG00000236914,RP11-1008C21.2
ENSG00000236915,RP4-651E10.4
ENSG00000236924,RP11-390F4.6
ENSG00000236928,RP11-792A8.1
ENSG00000236929,RP11-699A7.1
ENSG00000236930,RP11-852E15.1
ENSG00000236935,AP003774.1
ENSG00000236941,RP11-366M4.8
ENSG00000236946,HNRNPA1P70
ENSG00000236965,OR52N3P
ENSG00000236977,ANKRD44-IT1
ENSG00000236988,RP11-402K9.1
ENSG00000237003,RP4-612C19.1
ENSG00000237004,ZNRF2P1
ENSG00000237007,KRT18P52
ENSG00000237017,AC012314.8
ENSG00000237036,ZEB1-AS1
ENSG00000237037,NDUFA6-AS1
ENSG00000237054,PRMT5-AS1
ENSG00000237064,EIF3IP1
ENSG00000237094,RP4-669L17.10
ENSG00000237101,RP11-365O16.6
ENSG00000237119,LINC01056
ENSG00000237129,Z95114.7
ENSG00000237135,DDX10P1
ENSG00000237149,ZNF503-AS2
ENSG00000237152,DLEU7-AS1
ENSG00000237153,RP11-132E11.2
ENSG00000237161,RP11-32B5.1
ENSG00000237162,RP11-443F16.1
ENSG00000237166,AC007163.3
ENSG00000237181,AC147651.4
ENSG00000237186,RP11-229A12.2
ENSG00000237187,NR2F1-AS1
ENSG00000237188,RP11-337C18.8
ENSG00000237202,AJ239321.3
ENSG00000237214,RP11-12M9.3
ENSG00000237222,AC090505.6
ENSG00000237226,RPS3AP39
ENSG00000237232,ZNF295-AS1
ENSG00000237238,BMS1P10
ENSG00000237248,LINC00987
ENSG00000237249,RP1-102G20.2
ENSG00000237260,AC073069.2
ENSG00000237263,MAPK6PS3
ENSG00000237272,OR51R1P
ENSG00000237273,RSL24D1P8
ENSG00000237280,RP11-96C23.9
ENSG00000237285,HNRNPA1P2
ENSG00000237296,SMG1P1
ENSG00000237298,TTN-AS1
ENSG00000237300,RP11-522L3.3
ENSG00000237301,RP4-680D5.2
ENSG00000237310,GS1-124K5.4
ENSG00000237349,RP5-1065J22.2
ENSG00000237350,CDC42P6
ENSG00000237352,RP11-145M4.3
ENSG00000237356,AL163953.3
ENSG00000237357,RP11-475I24.3
ENSG00000237359,RP11-509J21.2
ENSG00000237372,RP11-316P17.2
ENSG00000237373,BRWD1-IT1
ENSG00000237378,RP11-473M10.3
ENSG00000237381,RP3-455H14.1
ENSG00000237399,PITRM1-AS1
ENSG00000237406,NDUFA9P1
ENSG00000237413,RP11-183M13.1
ENSG00000237415,NRBF2P3
ENSG00000237424,FOXD2-AS1
ENSG00000237428,LL22NC03-22A12.9
ENSG00000237434,RP11-15P13.1
ENSG00000237438,CECR7
ENSG00000237444,AP001342.1
ENSG00000237461,RP11-554F20.1
ENSG00000237471,AC073115.6
ENSG00000237476,XXbac-B135H6.15
ENSG00000237481,RP4-803J11.2
ENSG00000237489,LINC00959
ENSG00000237491,RP11-206L10.9
ENSG00000237492,OR2L9P
ENSG00000237499,RP11-356I2.4
ENSG00000237505,RP11-76N22.2
ENSG00000237506,RPSAP15
ENSG00000237513,RP11-325F22.2
ENSG00000237520,RP11-443B7.2
ENSG00000237522,NONOP2
ENSG00000237523,LINC00857
ENSG00000237531,RP11-309M23.1
ENSG00000237548,TTLL11-IT1
ENSG00000237550,UBE2Q2P6
ENSG00000237557,RP13-198D9.3
ENSG00000237580,GCSHP3
ENSG00000237590,RP11-20J15.2
ENSG00000237592,IGKV1OR10-1
ENSG00000237594,AP000251.3
ENSG00000237595,RP11-112L6.3
ENSG00000237596,RP13-143G15.4
ENSG00000237604,AP001056.1
ENSG00000237612,AP002856.7
ENSG00000237621,OR9A1P
ENSG00000237624,OXCT2P1
ENSG00000237628,RP11-522L3.4
ENSG00000237631,RP11-72B4.2
ENSG00000237637,FRY-AS1
ENSG00000237638,AC007386.2
ENSG00000237646,HLCS-IT1
ENSG00000237669,HCG4P3
ENSG00000237686,RP5-1120P11.1
ENSG00000237691,IFNWP2
ENSG00000237708,RP11-445O16.2
ENSG00000237709,EEF1A1P28
ENSG00000237711,RP11-39K24.13
ENSG00000237731,RNGTTP1
ENSG00000237732,AC010980.2
ENSG00000237750,AC007740.1
ENSG00000237753,AC079922.3
ENSG00000237757,EEF1A1P30
ENSG00000237766,GGTA2P
ENSG00000237770,SPATA31D2P
ENSG00000237772,AC092620.3
ENSG00000237773,AC003075.4
ENSG00000237775,DDR1-AS1
ENSG00000237788,RP5-1041C10.3
ENSG00000237790,AC009499.2
ENSG00000237797,RP11-472N13.3
ENSG00000237803,LINC00211
ENSG00000237813,AC002066.1
ENSG00000237818,RPS3AP29
ENSG00000237819,AC002454.1
ENSG00000237821,AC083873.4
ENSG00000237827,RP11-332O19.2
ENSG00000237836,PHKA2-AS1
ENSG00000237840,FAM21FP
ENSG00000237842,RP11-110J1.2
ENSG00000237849,NFYAP1
ENSG00000237852,RP4-630A11.3
ENSG00000237854,LINC00674
ENSG00000237859,EEF1A1P31
ENSG00000237861,RP11-332L8.1
ENSG00000237862,RP1-63G5.7
ENSG00000237870,AC073130.1
ENSG00000237876,AKR1B1P4
ENSG00000237877,AC097500.2
ENSG00000237879,LINC00398
ENSG00000237883,DGUOK-AS1
ENSG00000237886,RP11-611D20.2
ENSG00000237892,KLF7-IT1
ENSG00000237903,RP3-404F18.5
ENSG00000237904,RP11-460E7.9
ENSG00000237927,RP3-393E18.2
ENSG00000237939,AC097523.3
ENSG00000237940,AC093642.3
ENSG00000237943,PRKCQ-AS1
ENSG00000237945,LINC00649
ENSG00000237948,Z95114.5
ENSG00000237950,RP11-7O11.3
ENSG00000237953,AC013267.1
ENSG00000237970,TMEM161BP1
ENSG00000237973,hsa-mir-6723
ENSG00000237976,RP11-126K1.6
ENSG00000237977,EIF4HP2
ENSG00000237978,RP11-385J1.2
ENSG00000237984,PTENP1
ENSG00000237989,AP001046.5
ENSG00000238000,RP11-274E7.2
ENSG00000238002,NPAP1P6
ENSG00000238005,RP11-443B7.1
ENSG00000238007,AC024619.2
ENSG00000238009,RP11-34P13.7
ENSG00000238015,RP4-641G12.3
ENSG00000238018,AC093110.3
ENSG00000238035,AC138035.2
ENSG00000238039,AF011889.2
ENSG00000238045,AC009133.14
ENSG00000238057,ZEB2-AS1
ENSG00000238061,RP4-635A23.4
ENSG00000238062,SPATA3-AS1
ENSG00000238063,RP11-329N22.1
ENSG00000238072,RP11-305M3.2
ENSG00000238077,NMNAT1P3
ENSG00000238082,AC009948.7
ENSG00000238090,AC006195.2
ENSG00000238098,ABCA17P
ENSG00000238103,RPL9P7
ENSG00000238105,GOLGA2P5
ENSG00000238109,AC004893.10
ENSG00000238113,RP11-262H14.1
ENSG00000238121,LINC00426
ENSG00000238122,RP11-483I13.2
ENSG00000238123,MID1IP1-AS1
ENSG00000238132,CASC4P1
ENSG00000238137,ARPC3P2
ENSG00000238141,BRWD1-AS1
ENSG00000238145,RP11-346M5.1
ENSG00000238160,AC116366.5
ENSG00000238164,RP3-395M20.8
ENSG00000238184,CD81-AS1
ENSG00000238197,PAXBP1-AS1
ENSG00000238198,RP11-31F15.2
ENSG00000238213,TARDBPP2
ENSG00000238228,OR7E7P
ENSG00000238231,RP11-460I13.6
ENSG00000238241,CCR12P
ENSG00000238260,RP11-46F15.2
ENSG00000238263,RP11-402L1.12
ENSG00000238266,LINC00707
ENSG00000238273,AC012360.6
ENSG00000238276,RP11-245J24.1
ENSG00000238280,RP11-436D10.3
ENSG00000238286,SLC35E1P1
ENSG00000238287,RP11-656D10.3
ENSG00000238290,RP11-431K24.1
ENSG00000238291,RP11-94M14.3
ENSG00000238741,SCARNA7
ENSG00000238795,SCARNA12
ENSG00000239002,SCARNA10
ENSG00000239201,RPL21P106
ENSG00000239203,AC093484.4
ENSG00000239213,RP11-85F14.5
ENSG00000239219,RP11-379K17.4
ENSG00000239247,RN7SL589P
ENSG00000239249,RN7SL757P
ENSG00000239265,CLRN1-AS1
ENSG00000239268,RP11-384F7.2
ENSG00000239272,RPL21P10
ENSG00000239280,RP11-271C24.3
ENSG00000239291,RP5-867C24.1
ENSG00000239293,OR9P1P
ENSG00000239300,RP11-400L8.2
ENSG00000239322,AC007040.7
ENSG00000239332,LINC01119
ENSG00000239335,RP11-745O10.2
ENSG00000239344,RP11-771F20.1
ENSG00000239377,RP4-584D14.6
ENSG00000239396,RN7SL414P
ENSG00000239397,RP11-101K23.1
ENSG00000239405,TMED10P2
ENSG00000239407,LL0XNC01-237H1.2
ENSG00000239415,AP001469.9
ENSG00000239419,RN7SL535P
ENSG00000239445,ST3GAL6-AS1
ENSG00000239453,SIDT1-AS1
ENSG00000239455,RP11-561O4.1
ENSG00000239467,AC007405.6
ENSG00000239468,RN7SL569P
ENSG00000239482,RP11-90K6.1
ENSG00000239503,MARK2P8
ENSG00000239521,GATS
ENSG00000239523,MYLK-AS1
ENSG00000239528,CTB-118N6.1
ENSG00000239544,RP11-109N23.1
ENSG00000239552,HOXB-AS2
ENSG00000239556,AC004951.5
ENSG00000239557,RP11-168J18.6
ENSG00000239569,KMT2E-AS1
ENSG00000239577,RN7SL388P
ENSG00000239600,AP000797.2
ENSG00000239617,RP11-302B13.1
ENSG00000239626,RPSAP41
ENSG00000239636,RP4-728D4.2
ENSG00000239649,MYADML
ENSG00000239650,GUSBP4
ENSG00000239653,PSMD6-AS2
ENSG00000239659,RPL9P31
ENSG00000239665,RP11-295P9.3
ENSG00000239704,CDRT4
ENSG00000239705,RP11-65N13.8
ENSG00000239736,CEACAMP3
ENSG00000239763,AC009120.3
ENSG00000239775,AC017116.11
ENSG00000239783,RP5-1050K3.3
ENSG00000239791,AC002310.7
ENSG00000239820,RN7SL213P
ENSG00000239827,SUGT1P3
ENSG00000239840,RPL23AP72
ENSG00000239861,RP11-690D19.1
ENSG00000239883,RP11-175I17.2
ENSG00000239884,RN7SL608P
ENSG00000239908,RN7SL75P
ENSG00000239910,RN7SL530P
ENSG00000239920,AC015691.13
ENSG00000239921,RP11-59J16.1
ENSG00000239932,RN7SL606P
ENSG00000239941,RP11-246A10.1
ENSG00000239942,RN7SL394P
ENSG00000239945,RP11-34P13.8
ENSG00000239953,RN7SL273P
ENSG00000239969,RP11-163E9.2
ENSG00000239981,OR2A15P
ENSG00000240012,SLC9A9-AS1
ENSG00000240014,RN7SL254P
ENSG00000240015,RP11-90P5.5
ENSG00000240023,RP11-561B11.1
ENSG00000240024,LINC00888
ENSG00000240031,OR9A3P
ENSG00000240036,RP11-587D21.1
ENSG00000240047,RPS3AP32
ENSG00000240057,RP11-572M11.4
ENSG00000240063,RP11-225N10.1
ENSG00000240069,GPAA1P1
ENSG00000240083,RPS3AP22
ENSG00000240089,BMS1P3
ENSG00000240137,RP11-103G8.2
ENSG00000240138,EEF1GP4
ENSG00000240180,RP11-318E3.4
ENSG00000240207,RP11-379F4.4
ENSG00000240219,RP11-430C7.5
ENSG00000240225,ZNF542
ENSG00000240233,RN7SL587P
ENSG00000240240,RP11-146D12.2
ENSG00000240271,RP11-200A13.2
ENSG00000240288,GHRLOS
ENSG00000240291,RP11-499P20.2
ENSG00000240309,RP11-91A15.1
ENSG00000240311,LA16c-306E5.1
ENSG00000240322,RN7SL481P
ENSG00000240328,RP11-841C19.1
ENSG00000240342,RPS2P5
ENSG00000240356,RPL23AP7
ENSG00000240370,RPL13P5
ENSG00000240375,VPS26AP1
ENSG00000240376,RP11-36C20.1
ENSG00000240392,RPL9P3
ENSG00000240393,RP11-768G7.1
ENSG00000240399,RP1-228P16.1
ENSG00000240401,AC012358.8
ENSG00000240411,RPL5P16
ENSG00000240424,RP11-158N24.1
ENSG00000240429,LRRFIP1P1
ENSG00000240435,RPS12P27
ENSG00000240441,RP11-864J10.2
ENSG00000240463,RPS19P3
ENSG00000240474,RN7SL116P
ENSG00000240489,SETP14
ENSG00000240498,CDKN2B-AS1
ENSG00000240527,RP11-429G19.3
ENSG00000240531,RPL21P123
ENSG00000240567,RP11-3P17.4
ENSG00000240589,RN7SL258P
ENSG00000240591,RP11-247I13.11
ENSG00000240616,AD000092.3
ENSG00000240634,RP11-1348G14.1
ENSG00000240669,RP11-555K12.2
ENSG00000240677,MYL6P4
ENSG00000240695,RP11-102M11.1
ENSG00000240710,RP11-430C7.4
ENSG00000240718,RN7SL851P
ENSG00000240724,RPS12P15
ENSG00000240729,CTD-2301A4.3
ENSG00000240731,RP5-890O3.9
ENSG00000240750,RN7SL559P
ENSG00000240755,ERLEC1P1
ENSG00000240758,RP11-155G14.6
ENSG00000240767,RN7SL288P
ENSG00000240770,C21orf91-OT1
ENSG00000240793,UBA52P8
ENSG00000240808,CTD-3236F5.1
ENSG00000240809,RP11-550F7.1
ENSG00000240821,RPL9P25
ENSG00000240823,RN7SL23P
ENSG00000240853,RN7SL328P
ENSG00000240875,LINC00886
ENSG00000240881,RP11-713P14.1
ENSG00000240889,NDUFB2-AS1
ENSG00000240898,RP11-48B14.1
ENSG00000240915,RP11-659E9.2
ENSG00000240929,HIST2H2BB
ENSG00000240951,RP11-91A15.2
ENSG00000240963,RP11-518L10.5
ENSG00000240979,RP11-79D8.2
ENSG00000240996,RP11-80H5.7
ENSG00000241002,RP11-119H12.1
ENSG00000241014,RP11-244H3.1
ENSG00000241015,TPM3P9
ENSG00000241020,RP11-727A23.1
ENSG00000241030,RPL29P24
ENSG00000241032,RN7SL709P
ENSG00000241045,RPL7P43
ENSG00000241057,AC004985.12
ENSG00000241095,CYP51A1P1
ENSG00000241112,RPL29P14
ENSG00000241120,HMGN1P8
ENSG00000241129,RPL22P19
ENSG00000241135,LINC00881
ENSG00000241143,RPL32P9
ENSG00000241155,ARHGAP31-AS1
ENSG00000241156,RN7SL582P
ENSG00000241157,RP11-3K24.1
ENSG00000241163,LINC00877
ENSG00000241170,RP11-147I3.1
ENSG00000241180,RP11-54O7.2
ENSG00000241187,CTC-209L16.1
ENSG00000241188,RN7SL165P
ENSG00000241216,SNAPC5P1
ENSG00000241217,RN7SL809P
ENSG00000241220,RP11-292E2.1
ENSG00000241223,RN7SL39P
ENSG00000241228,RP5-916O11.1
ENSG00000241229,RN7SL443P
ENSG00000241230,RN7SL801P
ENSG00000241280,RP11-221J22.2
ENSG00000241288,RP11-379B18.5
ENSG00000241313,WWTR1-AS1
ENSG00000241316,RP11-81N13.1
ENSG00000241319,SETP6
ENSG00000241347,RN7SL466P
ENSG00000241352,RP11-392P7.1
ENSG00000241357,RP11-758P17.2
ENSG00000241362,RPL36AP43
ENSG00000241369,CT64
ENSG00000241400,RP11-764I5.1
ENSG00000241413,RN7SL441P
ENSG00000241418,RP11-512H23.2
ENSG00000241420,RN7SL505P
ENSG00000241429,EEF1A1P25
ENSG00000241469,LINC00635
ENSG00000241472,PTPRG-AS1
ENSG00000241489,IDS
ENSG00000241490,RP11-553L6.2
ENSG00000241506,PSMC1P1
ENSG00000241520,AC098820.4
ENSG00000241525,AC108004.3
ENSG00000241527,CA15P1
ENSG00000241529,RN7SL767P
ENSG00000241532,AGGF1P3
ENSG00000241535,CBX5P1
ENSG00000241537,RP11-624D20.1
ENSG00000241547,RP11-4K3__A.5
ENSG00000241549,GUSBP2
ENSG00000241563,CORT
ENSG00000241587,RN7SL482P
ENSG00000241596,RP11-326J18.1
ENSG00000241597,CTD-2007H13.1
ENSG00000241627,UBQLN4P1
ENSG00000241634,RP11-381E24.1
ENSG00000241641,RPS23P6
ENSG00000241666,RP3-455J7.4
ENSG00000241678,RP11-732A19.1
ENSG00000241679,RP11-80H8.4
ENSG00000241735,FABP5P3
ENSG00000241741,RPL7AP30
ENSG00000241743,RP5-964N17.1
ENSG00000241745,RN7SL788P
ENSG00000241749,RPSAP52
ENSG00000241764,AC002467.7
ENSG00000241769,LINC00893
ENSG00000241772,AC092620.2
ENSG00000241782,RP11-91P24.1
ENSG00000241787,MTND4P16
ENSG00000241790,ENO1P4
ENSG00000241809,CTD-2207L17.1
ENSG00000241825,RPL7P42
ENSG00000241832,CECR3
ENSG00000241838,LA16c-3G11.7
ENSG00000241860,RP11-34P13.13
ENSG00000241868,RN7SL434P
ENSG00000241882,RP11-637O11.2
ENSG00000241886,RP11-242C19.2
ENSG00000241888,RPSAP37
ENSG00000241889,RP11-435F17.3
ENSG00000241912,RP11-292E2.2
ENSG00000241917,RP11-512N21.1
ENSG00000241923,RP11-425I13.1
ENSG00000241933,RP11-755B10.3
ENSG00000241939,RN7SL517P
ENSG00000241942,RPS20P20
ENSG00000241947,HNRNPA1P24
ENSG00000241956,CTC-340A15.2
ENSG00000241959,RN7SL76P
ENSG00000241962,C2orf15
ENSG00000241963,RN7SL655P
ENSG00000241975,TCEB1P19
ENSG00000241978,AKAP2
ENSG00000241983,RN7SL566P
ENSG00000241985,WWTR1-IT1
ENSG00000241990,RP6-109B7.3
ENSG00000242020,RN7SL68P
ENSG00000242049,DNAJB8-AS1
ENSG00000242060,RPS3AP49
ENSG00000242061,CTD-2555K7.1
ENSG00000242071,RPL7AP6
ENSG00000242073,AC006014.7
ENSG00000242085,RPS20P33
ENSG00000242086,LINC00969
ENSG00000242094,FOXP1-IT1
ENSG00000242097,RP11-64D22.1
ENSG00000242125,SNHG3
ENSG00000242134,RPL5P13
ENSG00000242142,SERBP1P3
ENSG00000242159,ABCF2P1
ENSG00000242170,RN7SL329P
ENSG00000242175,RN7SL127P
ENSG00000242182,RN7SL745P
ENSG00000242193,RP11-568K15.1
ENSG00000242251,RN7SL20P
ENSG00000242252,BGLAP
ENSG00000242256,RN7SL57P
ENSG00000242258,LINC00996
ENSG00000242268,RP11-368I23.2
ENSG00000242272,AK2P2
ENSG00000242278,RP11-382N13.1
ENSG00000242279,RP11-659G9.1
ENSG00000242282,AC108488.4
ENSG00000242285,RPL6P8
ENSG00000242288,RP11-464F9.1
ENSG00000242294,STAG3L5P
ENSG00000242299,RP11-234A1.1
ENSG00000242318,RP11-810D13.1
ENSG00000242324,RP4-576H24.2
ENSG00000242330,RN7SL683P
ENSG00000242337,TFP1
ENSG00000242338,BMS1P4
ENSG00000242352,RP11-403I13.6
ENSG00000242390,RPL6P9
ENSG00000242396,RP11-67L3.5
ENSG00000242412,DBIL5P2
ENSG00000242435,UPK3BP1
ENSG00000242436,RN7SL789P
ENSG00000242444,RP11-320N7.1
ENSG00000242473,KIR2DP1
ENSG00000242479,RP11-383G6.4
ENSG00000242493,RN7SL37P
ENSG00000242512,RP11-416O18.1
ENSG00000242525,OR7E100P
ENSG00000242539,AC007620.3
ENSG00000242553,AP001432.14
ENSG00000242559,RN7SL144P
ENSG00000242562,DCAF13P1
ENSG00000242575,AC012501.3
ENSG00000242583,RP11-379K17.9
ENSG00000242588,RP11-274B21.1
ENSG00000242600,MBL1P
ENSG00000242607,RPS3AP34
ENSG00000242608,RPS23P5
ENSG00000242615,CTC-359D24.3
ENSG00000242622,RP11-18H7.1
ENSG00000242657,RN7SL581P
ENSG00000242667,RP11-745A24.2
ENSG00000242671,RP11-232M24.1
ENSG00000242683,CTB-46B19.1
ENSG00000242686,RP11-1191J2.2
ENSG00000242697,RPL5P12
ENSG00000242707,RN7SL362P
ENSG00000242735,AC018462.3
ENSG00000242737,RP11-562A8.1
ENSG00000242741,RP11-20B7.1
ENSG00000242759,LINC00882
ENSG00000242779,ZNF702P
ENSG00000242791,RP11-651P23.5
ENSG00000242797,GLYCTK-AS1
ENSG00000242798,RP11-506M12.1
ENSG00000242807,RPL26P31
ENSG00000242808,SOX2-OT
ENSG00000242818,RN7SL846P
ENSG00000242829,RPS26P21
ENSG00000242836,RP11-52L11.7
ENSG00000242853,RN7SL749P
ENSG00000242861,RP11-285F7.2
ENSG00000242876,RN7SL812P
ENSG00000242889,RN7SL449P
ENSG00000242931,RPL7P49
ENSG00000242941,CTD-2325P2.2
ENSG00000242945,RPL29P32
ENSG00000242970,AC068522.4
ENSG00000242971,RN7SL233P
ENSG00000242986,RP11-1110J8.1
ENSG00000242999,RN7SL239P
ENSG00000243004,AC005062.2
ENSG00000243005,RN7SL16P
ENSG00000243008,RP11-556N21.1
ENSG00000243015,RN7SL737P
ENSG00000243025,MTAPP1
ENSG00000243033,GAPDHP47
ENSG00000243051,RN7SL269P
ENSG00000243066,RN7SL842P
ENSG00000243071,RP11-613M5.2
ENSG00000243081,RP11-231E6.1
ENSG00000243083,LINC00870
ENSG00000243094,RP11-1084A12.1
ENSG00000243101,RPS3P7
ENSG00000243103,RN7SL452P
ENSG00000243107,AC000120.7
ENSG00000243135,UGT1A3
ENSG00000243155,RP11-46A10.5
ENSG00000243173,RN7SL861P
ENSG00000243175,RP11-58H15.1
ENSG00000243176,RP11-550I24.2
ENSG00000243179,AC110769.3
ENSG00000243199,RP11-408P14.1
ENSG00000243224,RP5-1157M23.2
ENSG00000243225,RP11-7F17.1
ENSG00000243227,RN7SL55P
ENSG00000243234,CTD-2583A14.1
ENSG00000243260,RN7SL558P
ENSG00000243276,RP11-384F7.1
ENSG00000243280,RP11-477G18.2
ENSG00000243287,RPS17P14
ENSG00000243302,RP11-274B21.2
ENSG00000243314,RP11-538P18.1
ENSG00000243319,FGF14-IT1
ENSG00000243323,PTPRVP
ENSG00000243370,RN7SL775P
ENSG00000243373,RN7SL173P
ENSG00000243385,CTD-2110K23.1
ENSG00000243398,RN7SL141P
ENSG00000243403,RP11-330L19.1
ENSG00000243406,MRPS31P5
ENSG00000243410,RP11-245J9.4
ENSG00000243417,RP11-555K12.1
ENSG00000243422,RP11-413E6.1
ENSG00000243431,RPL5P30
ENSG00000243444,PALM2
ENSG00000243445,RP11-715J22.1
ENSG00000243468,INGX
ENSG00000243469,RPL7P51
ENSG00000243479,MNX1-AS1
ENSG00000243488,RN7SL337P
ENSG00000243508,RP11-775J23.2
ENSG00000243532,RN7SL19P
ENSG00000243544,RN7SL172P
ENSG00000243547,HNRNPKP4
ENSG00000243562,RN7SL838P
ENSG00000243568,RP11-2I17.1
ENSG00000243609,RPS2P44
ENSG00000243629,LINC00880
ENSG00000243648,RP11-215P8.1
ENSG00000243650,RN7SL834P
ENSG00000243674,OR7E66P
ENSG00000243679,RP11-274B21.3
ENSG00000243686,RPLP1P11
ENSG00000243694,RP11-6B4.1
ENSG00000243696,RP5-966M1.6
ENSG00000243701,LINC00883
ENSG00000243704,RN7SL105P
ENSG00000243721,RP11-472I20.1
ENSG00000243723,RN7SL393P
ENSG00000243738,RN7SL181P
ENSG00000243742,RPLP0P2
ENSG00000243746,EEF1A1P10
ENSG00000243753,HLA-L
ENSG00000243759,ST13P15
ENSG00000243762,AC006547.8
ENSG00000243770,RN7SL65P
ENSG00000243806,RPL7P18
ENSG00000243819,RN7SL832P
ENSG00000243845,RN7SL30P
ENSG00000243885,RP11-278L15.2
ENSG00000243894,RP11-489M13.1
ENSG00000243900,RN7SL320P
ENSG00000243902,RP1-63G5.5
ENSG00000243911,RN7SL430P
ENSG00000243914,RPL5P14
ENSG00000243918,EIF4BP8
ENSG00000243926,TIPARP-AS1
ENSG00000243930,RPS12P21
ENSG00000243970,PPIEL
ENSG00000243979,RP11-347C18.1
ENSG00000243986,ENO1P3
ENSG00000243988,RPS24P17
ENSG00000244004,RP11-1396O13.2
ENSG00000244009,RP11-227J5.3
ENSG00000244021,RP11-50D9.1
ENSG00000244026,FAM86DP
ENSG00000244041,LINC01011
ENSG00000244055,AC007566.10
ENSG00000244060,RPS2P41
ENSG00000244061,RP11-389C8.1
ENSG00000244062,RP11-404G16.2
ENSG00000244063,AC024704.2
ENSG00000244071,RPL9P33
ENSG00000244089,HMGB1P30
ENSG00000244097,RPS4XP17
ENSG00000244119,PDCL3P4
ENSG00000244124,ATP1B3-AS1
ENSG00000244128,RP11-85M11.2
ENSG00000244144,RP11-757F18.3
ENSG00000244151,RP11-148K1.12
ENSG00000244153,WWP1P1
ENSG00000244157,RP11-190P13.1
ENSG00000244171,PBX2P1
ENSG00000244183,RP11-641C17.1
ENSG00000244193,RP11-379K17.5
ENSG00000244198,RP4-545C24.1
ENSG00000244218,RN7SL81P
ENSG00000244219,GS1-259H13.2
ENSG00000244232,RN7SL698P
ENSG00000244256,RN7SL130P
ENSG00000244257,PKD1P1
ENSG00000244259,AP000797.1
ENSG00000244265,SIAH2-AS1
ENSG00000244270,RPL32P29
ENSG00000244292,OR9N1P
ENSG00000244295,RPS20P21
ENSG00000244300,RP11-475N22.4
ENSG00000244302,PEX5L-AS2
ENSG00000244306,CTD-2314B22.3
ENSG00000244313,RP11-425L10.1
ENSG00000244327,RP11-383G6.3
ENSG00000244332,RP11-119K6.6
ENSG00000244342,LINC00698
ENSG00000244345,RP11-654C22.2
ENSG00000244357,RN7SL145P
ENSG00000244362,KRTAP19-7
ENSG00000244363,RPL7P23
ENSG00000244371,PFN1P8
ENSG00000244378,RPS2P45
ENSG00000244380,RP11-24C3.2
ENSG00000244398,RP11-466H18.1
ENSG00000244470,RP11-395M19.1
ENSG00000244479,OR2A1-AS1
ENSG00000244480,AC005154.7
ENSG00000244502,HDAC11-AS1
ENSG00000244513,CTD-2013N24.2
ENSG00000244534,RN7SL211P
ENSG00000244545,RP11-788A4.1
ENSG00000244558,RP11-445H22.4
ENSG00000244560,RP4-800G7.2
ENSG00000244563,AC006011.4
ENSG00000244618,RN7SL334P
ENSG00000244625,CTA-211A9.5
ENSG00000244627,RP3-449O17.1
ENSG00000244649,CTD-2377D24.6
ENSG00000244653,UBFD1P1
ENSG00000244668,RP11-103G8.1
ENSG00000244671,RN7SL280P
ENSG00000244682,FCGR2C
ENSG00000244693,CTAGE8
ENSG00000244701,RP5-894A10.2
ENSG00000244716,RP11-20O24.4
ENSG00000244720,RP11-402J7.2
ENSG00000244733,RP11-506M13.3
ENSG00000244748,RN7SL153P
ENSG00000244757,RP11-45A16.4
ENSG00000244879,GABPB1-AS1
ENSG00000244945,RP11-1379J22.2
ENSG00000244998,CTD-3064M3.4
ENSG00000245017,RP11-181C3.1
ENSG00000245025,RP11-875O11.1
ENSG00000245059,RP11-303E16.7
ENSG00000245060,LINC00847
ENSG00000245080,MIR3150A
ENSG00000245105,A2M-AS1
ENSG00000245112,SMARCA5-AS1
ENSG00000245146,LINC01024
ENSG00000245148,ARAP1-AS2
ENSG00000245149,RNF139-AS1
ENSG00000245156,RP11-867G23.3
ENSG00000245213,RP11-10K16.1
ENSG00000245248,USP2-AS1
ENSG00000245261,RP3-330M21.5
ENSG00000245275,SAP30L-AS1
ENSG00000245281,CTD-2547L16.1
ENSG00000245317,CTC-241N9.1
ENSG00000245384,AC004053.1
ENSG00000245466,CTD-2540L5.6
ENSG00000245468,RP11-367J11.3
ENSG00000245479,RP11-387D10.3
ENSG00000245498,RP11-677M14.7
ENSG00000245522,RP11-540A21.2
ENSG00000245532,NEAT1
ENSG00000245534,RP11-219B17.1
ENSG00000245552,RP11-712B9.2
ENSG00000245556,CTD-2037K23.2
ENSG00000245571,AP001258.4
ENSG00000245573,BDNF-AS
ENSG00000245598,DACT3-AS1
ENSG00000245614,DDX11-AS1
ENSG00000245648,RP11-277P12.20
ENSG00000245685,AF146191.4
ENSG00000245694,CRNDE
ENSG00000245748,RP11-367J11.2
ENSG00000245750,RP11-279F6.1
ENSG00000245812,RP11-175K6.1
ENSG00000245849,RAD51-AS1
ENSG00000245869,RP11-158I9.5
ENSG00000245888,CTD-3203P2.2
ENSG00000245904,RP11-796E2.4
ENSG00000245910,SNHG6
ENSG00000245937,CTC-228N24.3
ENSG00000245958,RP11-33B1.1
ENSG00000245970,KB-1208A12.3
ENSG00000245975,RP11-30K9.6
ENSG00000246067,RAB30-AS1
ENSG00000246084,CTD-2506J14.1
ENSG00000246089,RP11-115C21.2
ENSG00000246090,RP11-696N14.1
ENSG00000246095,LINC01096
ENSG00000246145,RP11-346I3.4
ENSG00000246174,KCTD21-AS1
ENSG00000246225,RP11-17A1.3
ENSG00000246228,CASC8
ENSG00000246263,KB-431C1.4
ENSG00000246273,SBF2-AS1
ENSG00000246283,CTD-2036P10.3
ENSG00000246308,RP11-685M7.3
ENSG00000246323,RP11-325L7.1
ENSG00000246334,PRR7-AS1
ENSG00000246339,EXTL3-AS1
ENSG00000246350,RP5-1186N24.3
ENSG00000246363,RP11-13A1.1
ENSG00000246366,RP11-382J12.1
ENSG00000246375,RP11-10L7.1
ENSG00000246379,RP11-461O7.1
ENSG00000246451,RP11-894P9.1
ENSG00000246465,RP11-57A19.2
ENSG00000246477,AF131216.6
ENSG00000246526,RP11-539L10.2
ENSG00000246528,RP11-159H10.3
ENSG00000246560,RP11-10L12.4
ENSG00000246582,RP11-1149O23.3
ENSG00000246596,RP11-1277A3.2
ENSG00000246627,CACNA1C-AS1
ENSG00000246640,RP11-1094H24.4
ENSG00000246731,CTD-2514K5.2
ENSG00000246763,RGMB-AS1
ENSG00000246777,RP11-61A14.4
ENSG00000246790,RP11-730K11.1
ENSG00000246792,RP11-68L18.1
ENSG00000246859,STARD4-AS1
ENSG00000246863,RP11-325N19.3
ENSG00000246877,DNM1P35
ENSG00000246889,AP000487.5
ENSG00000246898,LINC00920
ENSG00000246982,RP1-179N16.6
ENSG00000246985,SOCS2-AS1
ENSG00000247081,RP11-318M2.2
ENSG00000247092,SNHG10
ENSG00000247095,MIR210HG
ENSG00000247121,CTD-2260A17.2
ENSG00000247134,RP11-11N9.4
ENSG00000247137,RP11-727A23.5
ENSG00000247151,CSTF3-AS1
ENSG00000247157,RP11-434C1.1
ENSG00000247193,RP11-431M7.3
ENSG00000247199,RP11-373N22.3
ENSG00000247213,RP11-13G14.4
ENSG00000247240,UBL7-AS1
ENSG00000247271,ZBED5-AS1
ENSG00000247287,RP11-902B17.1
ENSG00000247317,RP11-273G15.2
ENSG00000247324,RP11-510M2.2
ENSG00000247345,RP11-266N13.2
ENSG00000247363,RP11-637A17.2
ENSG00000247373,RP11-486O12.2
ENSG00000247381,PDX1-AS1
ENSG00000247400,DNAJC3-AS1
ENSG00000247556,OIP5-AS1
ENSG00000247572,CKMT2-AS1
ENSG00000247595,SPTY2D1-AS1
ENSG00000247624,CPEB2-AS1
ENSG00000247679,RP11-1277A3.1
ENSG00000247699,CTB-127C13.1
ENSG00000247708,STX18-AS1
ENSG00000247728,RP11-932O9.7
ENSG00000247735,CTD-2574D22.2
ENSG00000247765,RP11-32B5.7
ENSG00000247774,PCED1B-AS1
ENSG00000247796,CTD-2366F13.1
ENSG00000247809,NR2F2-AS1
ENSG00000247828,TMEM161B-AS1
ENSG00000247853,RP5-940J5.6
ENSG00000247877,CTD-2001C12.1
ENSG00000247903,RP11-421F16.3
ENSG00000247934,RP11-967K21.1
ENSG00000247950,SEC24B-AS1
ENSG00000247970,RP11-543C4.1
ENSG00000247982,LINC00926
ENSG00000248008,DYNLL1-AS1
ENSG00000248015,AC005329.7
ENSG00000248019,FAM13A-AS1
ENSG00000248027,CTD-2383M3.1
ENSG00000248049,UBA6-AS1
ENSG00000248050,RP11-422N16.3
ENSG00000248092,NNT-AS1
ENSG00000248099,INSL3
ENSG00000248100,RP11-709A23.1
ENSG00000248101,AC002116.8
ENSG00000248103,CTC-338M12.9
ENSG00000248112,RP11-78C3.1
ENSG00000248117,MINOS1P4
ENSG00000248124,RRN3P1
ENSG00000248150,RP1-167G20.1
ENSG00000248159,HSPA8P11
ENSG00000248161,RP11-499E18.1
ENSG00000248180,GAPDHP60
ENSG00000248185,CTD-2049O17.1
ENSG00000248196,RP11-476C8.2
ENSG00000248202,RP11-455B3.1
ENSG00000248208,RP11-153M7.1
ENSG00000248213,CICP16
ENSG00000248215,RP11-722M1.1
ENSG00000248221,STX18-IT1
ENSG00000248231,KRT8P4
ENSG00000248242,RP11-556I14.2
ENSG00000248243,RP11-93K22.13
ENSG00000248265,RP11-834C11.3
ENSG00000248268,CTC-499J9.1
ENSG00000248275,TRIM52-AS1
ENSG00000248278,SUMO2P17
ENSG00000248283,RP11-473D24.1
ENSG00000248309,MEF2C-AS1
ENSG00000248323,LUCAT1
ENSG00000248329,RP11-366M4.3
ENSG00000248334,WHAMMP2
ENSG00000248339,RP11-717H13.1
ENSG00000248340,RP11-293A21.2
ENSG00000248360,LINC00504
ENSG00000248375,RP11-177B4.1
ENSG00000248394,FOSL1P1
ENSG00000248401,RP11-576N17.3
ENSG00000248406,CTD-3105H18.4
ENSG00000248424,OR51K1P
ENSG00000248429,RP11-597D13.9
ENSG00000248441,CTD-2536I1.1
ENSG00000248445,CTB-118N6.3
ENSG00000248449,PCDHGB8P
ENSG00000248466,RP11-640B6.1
ENSG00000248476,BACH1-IT1
ENSG00000248477,RP11-848G14.2
ENSG00000248485,PCP4L1
ENSG00000248492,ZFAT-AS1
ENSG00000248503,RP5-1000K24.2
ENSG00000248508,SRP14-AS1
ENSG00000248516,RP11-265O12.1
ENSG00000248521,RP11-174F8.1
ENSG00000248527,MTATP6P1
ENSG00000248538,RP11-10A14.5
ENSG00000248544,CTB-47B11.3
ENSG00000248553,OR52H2P
ENSG00000248569,CTC-512J14.5
ENSG00000248571,RP11-768B22.2
ENSG00000248583,RP11-241F15.1
ENSG00000248587,GDNF-AS1
ENSG00000248590,GLDCP1
ENSG00000248593,DSTNP2
ENSG00000248596,RP11-844P9.2
ENSG00000248625,RP11-205M3.1
ENSG00000248632,RP11-366M4.11
ENSG00000248654,RP11-302F12.5
ENSG00000248667,CTD-2331D11.2
ENSG00000248668,OXCT1-AS1
ENSG00000248671,CTD-2313N18.5
ENSG00000248677,CTD-2044J15.1
ENSG00000248682,ARHGAP22-IT1
ENSG00000248684,BIN2P2
ENSG00000248690,HAS2-AS1
ENSG00000248693,CTD-2023M8.1
ENSG00000248697,TOX4P1
ENSG00000248711,AC006023.8
ENSG00000248714,RP11-1079K10.3
ENSG00000248719,RP11-377G16.2
ENSG00000248724,NPHP3-AS1
ENSG00000248727,CTC-236F12.4
ENSG00000248729,RP11-531A21.3
ENSG00000248734,CTD-2260A17.1
ENSG00000248738,RP11-87E22.2
ENSG00000248769,RP11-974F13.5
ENSG00000248773,RP11-231L11.3
ENSG00000248774,RP11-798M19.3
ENSG00000248778,RP11-311D14.1
ENSG00000248779,RP11-53O19.2
ENSG00000248780,RP11-632F7.1
ENSG00000248785,HIGD1AP14
ENSG00000248787,RP11-666A20.4
ENSG00000248789,CTD-2203A3.1
ENSG00000248794,CTD-2248H3.1
ENSG00000248795,RP11-173E2.1
ENSG00000248830,ZNF807
ENSG00000248837,RP11-412P11.1
ENSG00000248858,RP11-100L22.2
ENSG00000248863,RP11-83A24.1
ENSG00000248866,USP46-AS1
ENSG00000248869,RP11-138I17.1
ENSG00000248881,CTC-366B18.2
ENSG00000248885,RP11-950K24.2
ENSG00000248890,HHIP-AS1
ENSG00000248893,FAM138E
ENSG00000248909,HMGB1P21
ENSG00000248932,RP11-319G6.1
ENSG00000248936,RP11-36B15.1
ENSG00000248954,RP11-304F15.4
ENSG00000248956,HMGB1P44
ENSG00000248966,CTD-2089O24.1
ENSG00000248971,KRT8P46
ENSG00000248975,CTD-2251F13.1
ENSG00000248980,RP11-87F15.2
ENSG00000248991,RP11-73G16.2
ENSG00000249004,RP11-752L20.1
ENSG00000249006,RP11-317B7.2
ENSG00000249007,RP11-510N19.5
ENSG00000249018,GAPDHP56
ENSG00000249021,CTC-505O3.3
ENSG00000249026,CTNNAP1
ENSG00000249035,CTB-113P19.1
ENSG00000249042,CTD-2015H6.3
ENSG00000249055,TBCAP3
ENSG00000249069,LINC01033
ENSG00000249085,CTD-2631K10.1
ENSG00000249087,C1orf213
ENSG00000249096,RP11-290F5.1
ENSG00000249100,CTD-2218K11.2
ENSG00000249119,MTND6P4
ENSG00000249129,SUDS3P1
ENSG00000249135,RP11-274E7.1
ENSG00000249138,RP11-701P16.1
ENSG00000249140,PRDX2P3
ENSG00000249141,RP11-514O12.4
ENSG00000249167,CTB-118N6.2
ENSG00000249176,RP11-304F15.5
ENSG00000249184,RP11-424M21.1
ENSG00000249212,ATP1B1P1
ENSG00000249215,AC138517.4
ENSG00000249238,RP11-83M16.2
ENSG00000249239,RP11-428L21.2
ENSG00000249240,AC069368.3
ENSG00000249241,AC195454.1
ENSG00000249244,RP11-548H18.2
ENSG00000249249,AC010226.4
ENSG00000249264,EEF1A1P9
ENSG00000249267,LINC00939
ENSG00000249270,KATNBL1P4
ENSG00000249274,PDLIM1P4
ENSG00000249277,RP11-302F12.4
ENSG00000249286,CTD-2210P15.2
ENSG00000249307,LINC01088
ENSG00000249316,CTC-493P15.2
ENSG00000249319,AC068533.7
ENSG00000249328,RP11-26J3.1
ENSG00000249341,RP11-317M11.1
ENSG00000249348,UGDH-AS1
ENSG00000249353,NPM1P27
ENSG00000249363,CTB-78O21.1
ENSG00000249375,CASC11
ENSG00000249381,LINC00500
ENSG00000249404,CTD-2234B20.1
ENSG00000249426,CTC-448D22.1
ENSG00000249456,RP11-298J20.4
ENSG00000249459,ZNF286B
ENSG00000249465,RBMXP4
ENSG00000249476,CTD-2587M2.1
ENSG00000249485,RBBP4P1
ENSG00000249492,RP11-159F24.3
ENSG00000249494,CTB-161M19.4
ENSG00000249502,AC006160.5
ENSG00000249509,RP11-402J6.1
ENSG00000249534,RP11-83C7.2
ENSG00000249550,RP11-438N16.1
ENSG00000249565,SERBP1P5
ENSG00000249568,RP11-234O6.2
ENSG00000249572,CTD-2203K17.1
ENSG00000249580,RP11-52L11.6
ENSG00000249592,RP11-440L14.1
ENSG00000249601,CTB-27N1.1
ENSG00000249604,RP11-286E11.2
ENSG00000249609,RP11-635L1.3
ENSG00000249614,RP11-703G6.1
ENSG00000249628,LINC00942
ENSG00000249633,OR52V1P
ENSG00000249635,RP11-710F7.3
ENSG00000249650,RP11-310P5.1
ENSG00000249654,VN1R104P
ENSG00000249655,CTC-325J23.2
ENSG00000249661,TNRC18P1
ENSG00000249664,CTD-2227C6.2
ENSG00000249669,MIR143HG
ENSG00000249673,NOP14-AS1
ENSG00000249684,RP11-423H2.3
ENSG00000249685,RP11-360F5.3
ENSG00000249700,SRD5A3-AS1
ENSG00000249713,CTD-2236F14.1
ENSG00000249731,RP11-259O2.3
ENSG00000249738,AC008697.1
ENSG00000249740,CTD-2127H9.1
ENSG00000249741,RP11-673E1.3
ENSG00000249755,RP11-466G12.2
ENSG00000249773,MRPS17
ENSG00000249777,CTC-235G5.1
ENSG00000249779,RP11-447H19.3
ENSG00000249786,EAF1-AS1
ENSG00000249806,RP11-223C24.1
ENSG00000249825,CTD-2201I18.1
ENSG00000249840,AC020947.2
ENSG00000249846,RP11-77P16.4
ENSG00000249850,KRT18P31
ENSG00000249855,EEF1A1P19
ENSG00000249857,CTD-2227C6.3
ENSG00000249859,PVT1
ENSG00000249863,RP11-177C12.1
ENSG00000249876,CTC-563A5.4
ENSG00000249881,CTB-57H20.1
ENSG00000249896,RP11-586D19.1
ENSG00000249898,CTD-2541M15.1
ENSG00000249917,LINC00536
ENSG00000249921,CTC-329H14.1
ENSG00000249934,RP11-466G12.3
ENSG00000249936,RAC1P2
ENSG00000249947,XBP1P1
ENSG00000249948,GBA3
ENSG00000249959,RP11-252I13.2
ENSG00000249962,RP11-80H5.5
ENSG00000249965,CDC42P4
ENSG00000249988,RP11-669M16.1
ENSG00000249993,BFSP2-AS1
ENSG00000250001,CTD-2201E9.2
ENSG00000250011,HMGB1P3
ENSG00000250033,SLC7A11-AS1
ENSG00000250049,RP11-348J24.2
ENSG00000250050,MTND4P9
ENSG00000250064,RP11-123O22.1
ENSG00000250069,CTB-131B5.2
ENSG00000250073,RP11-677M14.3
ENSG00000250075,RP11-584P21.2
ENSG00000250081,CTD-2116N20.1
ENSG00000250091,DNAH10OS
ENSG00000250101,RP11-1252I4.2
ENSG00000250130,RP11-616K22.1
ENSG00000250131,RP11-130F10.1
ENSG00000250132,RP11-359B12.2
ENSG00000250133,HOXC-AS2
ENSG00000250138,RP11-848G14.5
ENSG00000250155,CTD-2353F22.1
ENSG00000250159,RP11-381K20.2
ENSG00000250170,RASA2-IT1
ENSG00000250182,EEF1A1P13
ENSG00000250221,KRT8P32
ENSG00000250240,CTD-2154I11.2
ENSG00000250251,PKD1P6
ENSG00000250260,RP11-325L7.2
ENSG00000250264,TAP2
ENSG00000250266,RP11-789C1.1
ENSG00000250274,CTB-114C7.4
ENSG00000250280,RP11-305O6.3
ENSG00000250290,CTC-820M8.1
ENSG00000250293,CRYZP2
ENSG00000250299,MRPS31P4
ENSG00000250303,RP11-356J5.12
ENSG00000250306,CTC-498M16.3
ENSG00000250308,SALL4P1
ENSG00000250310,RP5-1029K10.4
ENSG00000250318,CTA-963H5.5
ENSG00000250326,RP11-284M14.1
ENSG00000250329,KDELC1P1
ENSG00000250331,RP11-1E3.1
ENSG00000250337,LINC01021
ENSG00000250357,RP11-503L19.1
ENSG00000250365,CTD-2213F21.2
ENSG00000250366,LINC00617
ENSG00000250371,RP11-22A3.2
ENSG00000250372,MARK2P4
ENSG00000250387,RP11-136K7.2
ENSG00000250391,CTD-2160D9.1
ENSG00000250397,RP11-1391J7.1
ENSG00000250410,RP11-714G18.1
ENSG00000250412,KLHL2P1
ENSG00000250413,RP11-448G15.1
ENSG00000250420,AACSP1
ENSG00000250421,RP11-83M16.6
ENSG00000250433,CLSTN2-AS1
ENSG00000250461,RP11-631M6.2
ENSG00000250462,LRRC37BP1
ENSG00000250474,WBP1LP2
ENSG00000250485,EXOC7P1
ENSG00000250486,FAM218A
ENSG00000250490,CTD-2324F15.2
ENSG00000250492,INTS6P1
ENSG00000250497,AC007126.1
ENSG00000250507,AC008984.6
ENSG00000250509,CTC-573N18.1
ENSG00000250514,RP11-96P7.1
ENSG00000250526,CCT6P2
ENSG00000250539,KRT8P33
ENSG00000250544,CTC-493L21.1
ENSG00000250548,RP11-47I22.2
ENSG00000250551,RP11-254I22.1
ENSG00000250568,RP11-333E13.2
ENSG00000250569,NTAN1P2
ENSG00000250574,CTD-2275D10.2
ENSG00000250575,RP4-669L17.8
ENSG00000250583,CTD-2233C11.2
ENSG00000250608,RP11-933H2.4
ENSG00000250615,CTC-564N23.2
ENSG00000250616,RP11-455F5.3
ENSG00000250635,CTD-3224K15.2
ENSG00000250644,RP11-295K3.1
ENSG00000250645,CTD-2228K2.1
ENSG00000250651,PABPC1P7
ENSG00000250654,RP11-834C11.7
ENSG00000250687,RP11-497H16.7
ENSG00000250731,TPM3P6
ENSG00000250732,RPEP1
ENSG00000250746,RP11-39C10.1
ENSG00000250751,RP11-613C6.2
ENSG00000250753,RP11-241F15.10
ENSG00000250764,CTD-2152M20.2
ENSG00000250765,AC138035.1
ENSG00000250767,RP11-1084J3.3
ENSG00000250771,RP11-153M7.3
ENSG00000250775,RP11-12K22.1
ENSG00000250781,RP11-63A11.1
ENSG00000250790,RP11-46H11.3
ENSG00000250802,ZBED3-AS1
ENSG00000250803,CTC-441N14.4
ENSG00000250808,RP11-531A21.4
ENSG00000250815,RP11-89B16.2
ENSG00000250820,RP11-91H12.4
ENSG00000250848,CTD-2083E4.5
ENSG00000250850,RP11-297B17.3
ENSG00000250853,RNF138P1
ENSG00000250860,CTD-2265D6.2
ENSG00000250878,METTL21EP
ENSG00000250891,CTD-2281M20.1
ENSG00000250896,RNPS1P1
ENSG00000250899,RP11-253E3.3
ENSG00000250903,GMDS-AS1
ENSG00000250914,RP11-1084J3.1
ENSG00000250929,KB-1639H6.4
ENSG00000250933,GAPDHP66
ENSG00000250938,RP11-679C8.2
ENSG00000250950,RP11-33B1.3
ENSG00000250959,GLUD1P3
ENSG00000250988,RP11-752G15.6
ENSG00000250995,RP13-128O4.3
ENSG00000250999,RP11-1379J22.5
ENSG00000251002,AE000661.37
ENSG00000251013,GAPDHP62
ENSG00000251014,RP11-159K7.1
ENSG00000251022,THAP9-AS1
ENSG00000251023,RP11-549J18.1
ENSG00000251034,RP11-582J16.4
ENSG00000251056,ANKRD20A17P
ENSG00000251079,BMS1P2
ENSG00000251095,RP11-115D19.1
ENSG00000251108,YBX1P5
ENSG00000251136,RP11-37B2.1
ENSG00000251138,RP11-81H3.2
ENSG00000251141,RP11-53O19.1
ENSG00000251143,RP11-849H4.4
ENSG00000251149,MTND5P5
ENSG00000251152,RP11-281P23.1
ENSG00000251158,RP11-98J23.1
ENSG00000251161,RP11-540O11.1
ENSG00000251163,CTD-2325A15.2
ENSG00000251178,OR7E21P
ENSG00000251193,RP11-72K17.1
ENSG00000251194,RP1-68D18.2
ENSG00000251199,RP11-400D2.2
ENSG00000251203,RP11-14I17.1
ENSG00000251211,RP11-889L3.4
ENSG00000251215,GOLGA5P1
ENSG00000251226,RP11-469N6.1
ENSG00000251249,RP11-73G16.1
ENSG00000251252,MTND2P31
ENSG00000251259,AC004069.2
ENSG00000251279,CTC-436P18.1
ENSG00000251284,RP13-644M16.1
ENSG00000251298,RP11-425A23.1
ENSG00000251301,RP11-81H14.2
ENSG00000251314,CTD-2337A12.1
ENSG00000251323,RP11-452H21.4
ENSG00000251333,RTN3P1
ENSG00000251342,CTC-235G5.2
ENSG00000251345,RP11-392L5.2
ENSG00000251347,IRF5P1
ENSG00000251348,HSPD1P11
ENSG00000251353,MTND3P5
ENSG00000251356,RAB5CP2
ENSG00000251364,CTD-2516F10.2
ENSG00000251372,LINC00499
ENSG00000251379,RP11-484O2.1
ENSG00000251380,C5orf20
ENSG00000251389,YTHDF1P1
ENSG00000251396,RP11-163N6.2
ENSG00000251400,ALDH7A1P1
ENSG00000251405,CTB-109A12.1
ENSG00000251407,MTND1P22
ENSG00000251408,RP11-586D19.2
ENSG00000251411,RP11-397E7.4
ENSG00000251413,RP11-534L6.5
ENSG00000251417,RP11-1348G14.4
ENSG00000251432,RP11-420A23.1
ENSG00000251435,RP11-365H8.2
ENSG00000251438,RP11-431M7.2
ENSG00000251441,RTEL1P1
ENSG00000251442,LINC01094
ENSG00000251449,MTND1P19
ENSG00000251452,RP13-539F13.2
ENSG00000251455,RP11-164P12.3
ENSG00000251456,RP11-436H11.5
ENSG00000251463,FKBP4P1
ENSG00000251467,CTC-250P20.2
ENSG00000251474,RPL32P3
ENSG00000251476,RP11-531A21.2
ENSG00000251485,AC068134.10
ENSG00000251491,OR7E28P
ENSG00000251497,RP11-197N18.7
ENSG00000251513,RP11-155G15.2
ENSG00000251532,CTD-2245E15.3
ENSG00000251533,LINC00605
ENSG00000251535,RP11-478C6.1
ENSG00000251550,RP11-501C14.7
ENSG00000251562,MALAT1
ENSG00000251566,HMGB1P35
ENSG00000251568,ALG3P1
ENSG00000251580,RP11-539L10.3
ENSG00000251595,ABCA11P
ENSG00000251600,RP11-673E1.1
ENSG00000251602,RP11-521B24.3
ENSG00000251615,RP11-774O3.3
ENSG00000251634,RP11-1280N14.3
ENSG00000251636,EMCN-IT1
ENSG00000251637,RP11-119D9.1
ENSG00000251648,CTD-2353N24.1
ENSG00000251661,RP11-326C3.11
ENSG00000251666,ZNF346-IT1
ENSG00000251667,RP11-844P9.3
ENSG00000251669,FAM86EP
ENSG00000251682,RP11-631M6.3
ENSG00000251791,SCARNA6
ENSG00000251867,Y_RNA
ENSG00000251982,RN7SKP43
ENSG00000252010,SCARNA5
ENSG00000252464,RN7SKP70
ENSG00000252481,SCARNA13
ENSG00000252690,SCARNA15
ENSG00000252757,RN7SKP96
ENSG00000253010,RN7SKP256
ENSG00000253057,RN7SKP57
ENSG00000253075,RN7SKP92
ENSG00000253100,RP11-219J21.1
ENSG00000253106,RP11-158K1.3
ENSG00000253125,RP11-459E5.1
ENSG00000253133,RP11-360L9.4
ENSG00000253140,RP11-567J20.3
ENSG00000253142,RP11-87E22.1
ENSG00000253154,CTA-392E5.1
ENSG00000253173,RP11-152C15.1
ENSG00000253174,RP11-360L9.7
ENSG00000253180,RP11-410L14.1
ENSG00000253190,AC084082.3
ENSG00000253194,RP11-351A11.1
ENSG00000253200,RP11-582J16.5
ENSG00000253203,GUSBP3
ENSG00000253205,CTD-3046C4.1
ENSG00000253208,RP11-1G11.2
ENSG00000253210,RP11-809O17.1
ENSG00000253214,RP11-1149M10.2
ENSG00000253218,KLF3P1
ENSG00000253228,NRBF2P4
ENSG00000253239,IGLVI-70
ENSG00000253263,KB-1507C5.3
ENSG00000253281,RP11-716D16.1
ENSG00000253284,RP11-282K24.3
ENSG00000253288,RP11-238K6.1
ENSG00000253292,RP11-298P6.5
ENSG00000253310,IGHVIII-76-1
ENSG00000253313,C1orf210
ENSG00000253317,RP11-142A23.1
ENSG00000253318,TMCC1P1
ENSG00000253320,KB-1507C5.2
ENSG00000253326,RP11-261C10.7
ENSG00000253327,RAD21-AS1
ENSG00000253336,RP11-468O2.1
ENSG00000253341,RP11-730G20.2
ENSG00000253343,CTD-3023L14.3
ENSG00000253347,CTD-2026D20.2
ENSG00000253366,RP11-589F5.4
ENSG00000253372,RP11-44N11.1
ENSG00000253384,CTD-2547L16.3
ENSG00000253385,KB-1254G8.1
ENSG00000253392,AC006277.2
ENSG00000253393,RANP9
ENSG00000253399,AC078852.2
ENSG00000253408,RP11-231D20.2
ENSG00000253438,PCAT1
ENSG00000253456,CTD-2363C16.2
ENSG00000253463,HMGB1P19
ENSG00000253468,KB-1517D11.2
ENSG00000253474,RP11-10H3.1
ENSG00000253475,RP11-110G21.2
ENSG00000253476,RP11-395I14.2
ENSG00000253495,RP11-99I9.2
ENSG00000253513,RP11-6D1.3
ENSG00000253517,XRCC6P4
ENSG00000253522,MIR146A
ENSG00000253524,RP11-89M20.2
ENSG00000253525,CTD-2114J12.1
ENSG00000253532,CTD-2340D6.1
ENSG00000253535,RP11-624C23.1
ENSG00000253540,FAM86HP
ENSG00000253541,SEPT10P1
ENSG00000253547,RP11-959F10.5
ENSG00000253556,KB-1639H6.7
ENSG00000253558,CTD-2179L22.1
ENSG00000253559,OSGEPL1-AS1
ENSG00000253570,RNF5P1
ENSG00000253572,RP11-107N7.1
ENSG00000253586,RP11-723D22.2
ENSG00000253616,RP11-875O11.3
ENSG00000253623,RP11-346I3.2
ENSG00000253627,RP11-513H8.1
ENSG00000253632,RP11-486M23.1
ENSG00000253633,KB-1980E6.3
ENSG00000253636,RP11-531A24.5
ENSG00000253641,RP11-981G7.2
ENSG00000253647,CTD-2270F17.1
ENSG00000253649,PRSS51
ENSG00000253653,CTC-248O19.1
ENSG00000253661,ZFHX4-AS1
ENSG00000253663,NPM1P52
ENSG00000253666,KB-1615E4.2
ENSG00000253669,KB-1732A1.1
ENSG00000253678,RP11-981G7.3
ENSG00000253686,CTB-43E15.3
ENSG00000253687,CTC-348L5.1
ENSG00000253704,RP11-267M23.4
ENSG00000253716,RP13-582O9.5
ENSG00000253722,RP11-10N23.4
ENSG00000253736,RP11-779O18.3
ENSG00000253738,GS1-251I9.4
ENSG00000253741,CTD-2292P10.4
ENSG00000253766,RP11-804N13.1
ENSG00000253771,TPTE2P1
ENSG00000253773,KB-1047C11.2
ENSG00000253778,RP11-386D6.2
ENSG00000253785,CTC-308K20.3
ENSG00000253789,CTD-2571E19.1
ENSG00000253795,MTND1P5
ENSG00000253798,AC008694.3
ENSG00000253816,RP11-1415C14.3
ENSG00000253833,RP11-367E12.4
ENSG00000253837,RP11-177H13.2
ENSG00000253853,GS1-57L11.1
ENSG00000253854,RP11-10N23.2
ENSG00000253857,RP11-386G21.2
ENSG00000253861,SLC2A3P1
ENSG00000253869,PIGFP1
ENSG00000253872,RP11-90D11.1
ENSG00000253878,RP11-347C18.3
ENSG00000253882,RP11-61L23.2
ENSG00000253891,RP11-203E8.1
ENSG00000253893,FAM85B
ENSG00000253894,RP11-45K10.2
ENSG00000253908,RP11-252I14.2
ENSG00000253919,PRKRIRP7
ENSG00000253923,KB-1980E6.2
ENSG00000253931,RP11-909N17.2
ENSG00000253943,KRT18P37
ENSG00000253977,KB-1639H6.8
ENSG00000253981,ALG1L13P
ENSG00000253982,CTD-2336O2.1
ENSG00000253983,RP1-16A9.1
ENSG00000254003,CTB-167B5.1
ENSG00000254006,RP11-1D12.2
ENSG00000254017,IGHEP2
ENSG00000254027,RP11-363E6.3
ENSG00000254028,AC083843.2
ENSG00000254038,RP11-419C23.1
ENSG00000254048,RP11-328K2.1
ENSG00000254060,RP11-172E10.1
ENSG00000254061,RP11-359B20.1
ENSG00000254088,SLC2A3P4
ENSG00000254090,MTND2P32
ENSG00000254092,RP11-369E15.3
ENSG00000254094,AC078852.1
ENSG00000254101,RP11-30J20.1
ENSG00000254102,RP11-21C4.1
ENSG00000254114,HMGN1P28
ENSG00000254115,RP11-386D6.1
ENSG00000254119,RP11-705O24.1
ENSG00000254123,RP11-99H20.1
ENSG00000254151,NIPA2P4
ENSG00000254154,RP4-798P15.3
ENSG00000254165,RP11-503E24.2
ENSG00000254166,CASC19
ENSG00000254186,RP11-167P20.1
ENSG00000254213,RP11-434I12.5
ENSG00000254226,CTB-12O2.1
ENSG00000254231,CTD-2284J15.1
ENSG00000254233,RP11-242J7.1
ENSG00000254248,RP11-320N21.2
ENSG00000254258,RP11-398H6.1
ENSG00000254261,RP11-18A15.1
ENSG00000254266,RP11-594N15.2
ENSG00000254272,RP11-382J24.2
ENSG00000254273,RP11-181D18.4
ENSG00000254275,RP11-89M16.1
ENSG00000254278,RP11-278I4.2
ENSG00000254290,RP11-150O12.3
ENSG00000254294,IMPDH1P6
ENSG00000254305,MRPL9P1
ENSG00000254319,RP11-134O21.1
ENSG00000254325,RP11-318K15.2
ENSG00000254338,RP11-909N17.3
ENSG00000254346,MTND1P6
ENSG00000254349,RP11-758M4.1
ENSG00000254352,RP11-578O24.2
ENSG00000254363,CTB-131B5.5
ENSG00000254364,KB-1615E4.3
ENSG00000254367,RP11-211C9.1
ENSG00000254370,RP11-181B11.1
ENSG00000254389,RHPN1-AS1
ENSG00000254392,RP11-759A9.2
ENSG00000254400,RP11-732A19.8
ENSG00000254401,RP11-179A10.1
ENSG00000254406,RP11-215D10.1
ENSG00000254413,CHKB-CPT1B
ENSG00000254416,RP11-347E10.1
ENSG00000254419,RP11-261P9.4
ENSG00000254444,RP11-290F24.3
ENSG00000254450,ALG9-IT1
ENSG00000254454,RCC2P6
ENSG00000254459,RP11-91P24.7
ENSG00000254462,TMX2-CTNND1
ENSG00000254463,RP11-484D2.3
ENSG00000254465,PRKRIRP4
ENSG00000254467,RP11-634B22.4
ENSG00000254473,RP11-522I20.3
ENSG00000254477,AP000640.10
ENSG00000254482,RP11-386B1.1
ENSG00000254485,RP11-380O24.1
ENSG00000254502,FNTAL1
ENSG00000254515,RP11-775A1.2
ENSG00000254531,AP001816.1
ENSG00000254536,RP11-108K14.8
ENSG00000254539,RP4-791M13.3
ENSG00000254556,AF131215.4
ENSG00000254560,RP11-1L12.3
ENSG00000254579,RP11-407P18.1
ENSG00000254588,RP11-1007G5.2
ENSG00000254590,RP11-334E6.2
ENSG00000254593,OR7E126P
ENSG00000254602,AP000662.4
ENSG00000254606,RP11-22P4.2
ENSG00000254612,RP11-676M6.1
ENSG00000254614,AP003068.23
ENSG00000254615,RP11-395G23.3
ENSG00000254620,RP5-907D15.3
ENSG00000254629,RP11-160H12.3
ENSG00000254634,RP11-231C14.3
ENSG00000254635,WAC-AS1
ENSG00000254648,RP11-713P17.4
ENSG00000254650,RP11-665E10.5
ENSG00000254665,RP11-152H18.3
ENSG00000254676,RP11-727A23.4
ENSG00000254681,PKD1P5
ENSG00000254682,RP11-660L16.2
ENSG00000254684,RP11-882I15.1
ENSG00000254694,RP11-50B3.4
ENSG00000254698,RP11-659G9.3
ENSG00000254701,RP11-1415C14.4
ENSG00000254704,RP11-1036E20.7
ENSG00000254707,RP11-35J10.4
ENSG00000254708,RP1-145M24.1
ENSG00000254712,RP11-560B16.5
ENSG00000254713,HNRNPA1P72
ENSG00000254718,CTD-2184C24.2
ENSG00000254727,PTP4A1P6
ENSG00000254732,RP11-691N7.6
ENSG00000254739,RP13-46H24.1
ENSG00000254740,RP11-334E6.3
ENSG00000254760,CTD-2616J11.3
ENSG00000254765,RP11-1H15.1
ENSG00000254777,AC022182.1
ENSG00000254779,EGLN1P1
ENSG00000254783,RP11-320L11.2
ENSG00000254786,RP11-142C4.5
ENSG00000254791,FAR1-IT1
ENSG00000254793,FDPSP4
ENSG00000254798,TFAMP2
ENSG00000254799,SLC25A47P1
ENSG00000254811,RP11-680E19.1
ENSG00000254814,RP11-535A19.1
ENSG00000254815,RP11-496I9.1
ENSG00000254825,OR9G2P
ENSG00000254826,CTD-2530H12.2
ENSG00000254829,RP11-7I15.3
ENSG00000254831,KRT18P58
ENSG00000254837,AP001372.2
ENSG00000254838,GVINP1
ENSG00000254839,AF131215.6
ENSG00000254841,OR4V1P
ENSG00000254842,RP11-890B15.2
ENSG00000254846,RP11-203M5.2
ENSG00000254855,RP11-867G23.1
ENSG00000254859,RP11-661A12.5
ENSG00000254860,TMEM9B-AS1
ENSG00000254867,RP11-1167A19.6
ENSG00000254870,ATP6V1G2-DDX39B
ENSG00000254876,RP11-23J9.5
ENSG00000254877,RP11-142C4.4
ENSG00000254884,RP11-682B13.2
ENSG00000254887,CTC-378H22.1
ENSG00000254890,RP11-10A7.1
ENSG00000254893,RP11-466P24.2
ENSG00000254896,OPCML-IT1
ENSG00000254897,RP11-482L11.1
ENSG00000254905,RP11-712L6.7
ENSG00000254910,RP11-326C3.7
ENSG00000254911,SCARNA9
ENSG00000254917,OR7E15P
ENSG00000254929,RP11-144G6.12
ENSG00000254936,AF131215.3
ENSG00000254942,RP5-1160K1.8
ENSG00000254944,ATP5F1P5
ENSG00000254957,RP11-179A10.2
ENSG00000254965,RP11-113K21.2
ENSG00000254968,RP11-65M17.3
ENSG00000254979,RP11-872D17.8
ENSG00000254980,RP11-794P6.6
ENSG00000254985,RSF1-IT2
ENSG00000254995,STX16-NPEPL1
ENSG00000255002,CTD-2509G16.2
ENSG00000255003,CYCSP28
ENSG00000255008,AP000442.4
ENSG00000255014,ARL6IP1P3
ENSG00000255026,RP11-326C3.2
ENSG00000255031,RP11-802E16.3
ENSG00000255036,RP11-23J9.4
ENSG00000255046,RP11-297N6.4
ENSG00000255054,RP1-317E23.6
ENSG00000255062,RP11-712L6.5
ENSG00000255065,RP11-680E19.2
ENSG00000255073,ZFP91-CNTF
ENSG00000255076,CTD-2023J5.1
ENSG00000255081,RP11-263C24.1
ENSG00000255082,GRM5-AS1
ENSG00000255089,RP11-326C3.10
ENSG00000255094,RP11-406D1.2
ENSG00000255097,RP11-5L12.1
ENSG00000255102,RP11-164N3.2
ENSG00000255104,ZNF286A
ENSG00000255107,RP11-159H10.1
ENSG00000255115,RP11-91P24.3
ENSG00000255121,RP11-110I1.12
ENSG00000255123,MTND5P21
ENSG00000255129,RP11-839D17.3
ENSG00000255135,RP11-111M22.3
ENSG00000255139,AP000442.1
ENSG00000255145,RP11-60I3.5
ENSG00000255152,MSH5-SAPCD1
ENSG00000255153,TOLLIP-AS1
ENSG00000255158,RP11-754B17.1
ENSG00000255165,CTD-2609K8.3
ENSG00000255178,RP11-686G23.2
ENSG00000255179,RP11-324J3.1
ENSG00000255182,CTD-2517M22.14
ENSG00000255183,RP11-720D4.3
ENSG00000255185,PDXDC2P
ENSG00000255198,SNHG9
ENSG00000255200,AP003068.18
ENSG00000255207,RP1-305G21.1
ENSG00000255209,RP11-258O13.1
ENSG00000255210,RP11-344L21.1
ENSG00000255222,SETP17
ENSG00000255224,CTD-3065J16.9
ENSG00000255232,RP11-438N5.4
ENSG00000255234,RP11-727A23.10
ENSG00000255236,CTD-2655K5.1
ENSG00000255240,RP11-142C4.6
ENSG00000255256,RP5-916O11.2
ENSG00000255270,NAV2-IT1
ENSG00000255275,RP13-279N23.2
ENSG00000255281,RP11-460B17.1
ENSG00000255282,WTAPP1
ENSG00000255284,AP006621.5
ENSG00000255292,SDHD
ENSG00000255293,RP11-787P24.1
ENSG00000255299,RP11-655C2.3
ENSG00000255301,RP11-624G17.3
ENSG00000255310,AF131215.2
ENSG00000255328,RP11-326C3.12
ENSG00000255339,NDUFB8
ENSG00000255340,RP11-484D2.5
ENSG00000255347,RP11-40H19.1
ENSG00000255355,AP000640.2
ENSG00000255358,RP11-567O18.1
ENSG00000255363,RP11-672A2.5
ENSG00000255367,RP13-726E6.2
ENSG00000255381,AP001258.5
ENSG00000255384,RP11-770J1.4
ENSG00000255389,C6orf3
ENSG00000255396,AP000857.2
ENSG00000255409,RSF1-IT1
ENSG00000255418,RP11-266A24.1
ENSG00000255423,EBLN2
ENSG00000255428,RP11-794P6.1
ENSG00000255435,RP11-770J1.3
ENSG00000255439,RP11-196G11.1
ENSG00000255441,CTD-2616J11.2
ENSG00000255446,CTD-2531D15.4
ENSG00000255449,RP11-91P24.6
ENSG00000255455,RP11-890B15.3
ENSG00000255458,RP11-539G18.2
ENSG00000255468,RP11-867G23.8
ENSG00000255469,RP11-725K16.2
ENSG00000255479,RP11-672A2.6
ENSG00000255481,OR56A7P
ENSG00000255498,RP11-618K13.2
ENSG00000255506,RP11-203F8.1
ENSG00000255507,RP11-535A19.2
ENSG00000255508,MIR3654
ENSG00000255513,AC005363.9
ENSG00000255517,CTD-3074O7.5
ENSG00000255554,OR7E1P
ENSG00000255559,ZNF252P-AS1
ENSG00000255565,RP11-6B19.1
ENSG00000255568,BRWD1-IT2
ENSG00000255569,TRAV1-1
ENSG00000255572,RP11-273B20.3
ENSG00000255585,RP11-188C12.2
ENSG00000255608,RP3-377H17.2
ENSG00000255624,RP11-564D11.3
ENSG00000255629,RP11-196H14.3
ENSG00000255639,RP11-234B24.6
ENSG00000255641,NKG2-E
ENSG00000255642,PABPC1P4
ENSG00000255647,AC093510.1
ENSG00000255655,RP11-256L11.3
ENSG00000255663,RP11-212D19.4
ENSG00000255670,RP11-253I19.3
ENSG00000255693,RP11-766N7.3
ENSG00000255710,RP11-667M19.9
ENSG00000255717,SNHG1
ENSG00000255725,RP11-443N24.1
ENSG00000255733,IFNG-AS1
ENSG00000255737,AGAP2-AS1
ENSG00000255746,RP11-283I3.4
ENSG00000255760,RP11-428G5.5
ENSG00000255769,RP11-152F13.3
ENSG00000255776,RP11-436I9.3
ENSG00000255794,RMST
ENSG00000255815,KRT8P11
ENSG00000255823,MTRNR2L8
ENSG00000255847,RP11-167N4.2
ENSG00000255856,RP11-87C12.5
ENSG00000255857,PXN-AS1
ENSG00000255883,AC099522.2
ENSG00000255892,RP11-459D22.2
ENSG00000255893,RP11-685N10.1
ENSG00000255910,RP11-405A12.2
ENSG00000255920,CCND2-AS2
ENSG00000255921,RP11-662I13.2
ENSG00000255949,AP003419.16
ENSG00000255951,RP11-967K21.2
ENSG00000255966,RP5-940J5.3
ENSG00000255967,RP11-438L7.3
ENSG00000255987,RP11-1094M14.4
ENSG00000255991,RP11-242C24.2
ENSG00000256006,AC084117.3
ENSG00000256019,TAS2R63P
ENSG00000256028,RP11-197N18.2
ENSG00000256029,RP11-190A12.7
ENSG00000256030,CBX3P4
ENSG00000256037,MRPL40P1
ENSG00000256039,RP11-291B21.2
ENSG00000256040,PAPPA-AS1
ENSG00000256050,RP11-982M15.6
ENSG00000256064,RP11-117L5.4
ENSG00000256073,C21orf119
ENSG00000256085,RP11-337L12.1
ENSG00000256092,hsa-mir-8072
ENSG00000256116,RP11-783K16.14
ENSG00000256124,LINC01152
ENSG00000256139,RP11-968O1.5
ENSG00000256155,RP11-277P12.9
ENSG00000256189,RP11-167N4.5
ENSG00000256206,PSMA1
ENSG00000256221,AE000661.36
ENSG00000256234,RP11-283G6.4
ENSG00000256238,RP11-473N11.2
ENSG00000256249,RP11-324E6.6
ENSG00000256258,RP11-495K9.9
ENSG00000256262,USP30-AS1
ENSG00000256274,TAS2R64P
ENSG00000256299,RP11-989F5.3
ENSG00000256325,RP11-611O2.1
ENSG00000256338,RPL41P2
ENSG00000256341,RP11-21A7A.3
ENSG00000256349,CTD-3074O7.11
ENSG00000256361,RP11-613F22.6
ENSG00000256407,RP11-446E24.4
ENSG00000256427,RP11-118B22.4
ENSG00000256436,TAS2R31
ENSG00000256450,RP11-424M22.1
ENSG00000256464,RP11-613F22.5
ENSG00000256500,RP11-73M18.2
ENSG00000256533,RP11-212D19.5
ENSG00000256538,RP11-847H18.3
ENSG00000256546,AC156455.1
ENSG00000256552,RP11-113C12.4
ENSG00000256566,RP4-734P14.4
ENSG00000256568,RP11-800A3.3
ENSG00000256571,RP11-274J7.2
ENSG00000256581,NLRP9P
ENSG00000256588,RP11-613F22.8
ENSG00000256590,TRDV3
ENSG00000256591,RP11-286N22.8
ENSG00000256594,RP11-705C15.2
ENSG00000256596,RP11-522N14.2
ENSG00000256603,RP11-667M19.2
ENSG00000256612,CYP2B7P
ENSG00000256616,RP11-815J4.6
ENSG00000256625,RP11-582E3.4
ENSG00000256628,ZBTB11-AS1
ENSG00000256646,PSMA2
ENSG00000256651,RP11-144O23.8
ENSG00000256663,RP11-424C20.2
ENSG00000256664,RP11-611O2.3
ENSG00000256667,KLRAP1
ENSG00000256672,RP11-218M22.2
ENSG00000256682,TAS2R12
ENSG00000256690,RP11-727F15.9
ENSG00000256694,RP11-598F7.5
ENSG00000256708,RP11-444B24.2
ENSG00000256712,RP11-785H5.2
ENSG00000256720,RP11-436I9.6
ENSG00000256723,RP11-167N4.4
ENSG00000256742,RP13-941N14.1
ENSG00000256747,RP11-860B13.1
ENSG00000256799,RP11-500M8.6
ENSG00000256806,AC004706.1
ENSG00000256814,RP11-158L12.5
ENSG00000256837,CACNA1C-IT1
ENSG00000256849,RP11-405A12.1
ENSG00000256902,RP11-986G18.1
ENSG00000256913,RP1-102E24.6
ENSG00000256916,RP11-817J15.2
ENSG00000256928,RP11-809N8.2
ENSG00000256937,RP11-436I9.5
ENSG00000256950,RP11-87C12.2
ENSG00000256966,RP11-613M10.8
ENSG00000256967,RP11-273B20.1
ENSG00000256973,RP11-359J14.2
ENSG00000256981,TAS2R18
ENSG00000256988,RP11-234B24.4
ENSG00000256995,RP11-114G22.1
ENSG00000257027,RP11-705C15.3
ENSG00000257037,RP13-200J3.2
ENSG00000257038,RP11-800A3.7
ENSG00000257052,RP11-881M11.2
ENSG00000257056,RP11-966I7.2
ENSG00000257067,AP000797.4
ENSG00000257086,RP11-783K16.13
ENSG00000257109,OR4F28P
ENSG00000257122,RRN3P3
ENSG00000257127,CLLU1
ENSG00000257135,RP11-320M2.1
ENSG00000257151,PWAR6
ENSG00000257167,TMPO-AS1
ENSG00000257169,RP11-117N2.2
ENSG00000257175,RP11-536C10.12
ENSG00000257176,RP11-996F15.2
ENSG00000257178,MIR10A
ENSG00000257180,RP11-509E10.1
ENSG00000257194,RP11-567C2.1
ENSG00000257198,FAM205B
ENSG00000257210,NACAP3
ENSG00000257221,RP11-689B22.2
ENSG00000257222,RP11-554E23.4
ENSG00000257225,RP11-328C8.4
ENSG00000257242,C12orf79
ENSG00000257243,RP11-133N21.7
ENSG00000257246,RP11-416A17.6
ENSG00000257252,RP11-486A14.2
ENSG00000257261,RP11-96H19.1
ENSG00000257264,MIR3179-1
ENSG00000257267,ZNF271
ENSG00000257272,RP11-317N8.3
ENSG00000257279,RP11-231I16.1
ENSG00000257285,RP11-298I3.1
ENSG00000257298,RP3-405J10.3
ENSG00000257303,RP11-977G19.11
ENSG00000257307,RP11-317N8.4
ENSG00000257322,RP11-511B23.2
ENSG00000257337,RP11-983P16.4
ENSG00000257341,CRIP1
ENSG00000257342,RP11-571M6.7
ENSG00000257345,RP11-511B23.1
ENSG00000257354,RP11-631N16.2
ENSG00000257355,CTD-2006C1.10
ENSG00000257356,RP11-754I20.2
ENSG00000257366,MIR3180-2
ENSG00000257368,RP11-438E8.2
ENSG00000257379,RP11-793H13.8
ENSG00000257390,RP11-762I7.5
ENSG00000257391,MIR3180-4
ENSG00000257400,RP11-778J16.3
ENSG00000257415,RP11-626I20.1
ENSG00000257431,RP11-263K4.3
ENSG00000257433,RP1-197B17.3
ENSG00000257434,RP11-81K13.1
ENSG00000257452,RP1-71H24.1
ENSG00000257475,RP11-983P16.2
ENSG00000257480,MRPL2P1
ENSG00000257488,RP5-1057I20.2
ENSG00000257489,RP11-175P13.3
ENSG00000257497,RP11-585P4.5
ENSG00000257501,RP11-1016B18.1
ENSG00000257509,RP11-762I7.4
ENSG00000257511,RP11-278C7.1
ENSG00000257513,NPIPB1P
ENSG00000257523,CTD-2384A14.2
ENSG00000257524,RP11-203J24.9
ENSG00000257527,MIR3179-3
ENSG00000257531,RP3-405J10.2
ENSG00000257534,RP11-834C11.10
ENSG00000257539,HSPA8P14
ENSG00000257556,RP11-44N21.1
ENSG00000257557,RP11-84G21.1
ENSG00000257563,MIR3180-3
ENSG00000257576,RP11-153M3.1
ENSG00000257599,OVCH1-AS1
ENSG00000257605,RP11-680A11.5
ENSG00000257607,RP11-449P15.1
ENSG00000257613,RP11-320P7.1
ENSG00000257621,RP11-349A22.5
ENSG00000257622,RP11-44N21.4
ENSG00000257642,RP11-474B16.1
ENSG00000257671,RP3-416H24.1
ENSG00000257674,RP11-76E16.2
ENSG00000257681,RP11-341G23.4
ENSG00000257698,RP11-620J15.3
ENSG00000257702,LBX2-AS1
ENSG00000257703,RP11-328J6.1
ENSG00000257704,PRR24
ENSG00000257731,RP11-536C10.11
ENSG00000257747,RP11-362A1.1
ENSG00000257752,RP11-474L23.3
ENSG00000257759,RP11-486O13.4
ENSG00000257762,RP11-626I20.3
ENSG00000257767,RP11-162P23.2
ENSG00000257773,ST13P3
ENSG00000257777,RP11-25J3.2
ENSG00000257800,FNBP1P1
ENSG00000257803,RP11-575G13.2
ENSG00000257809,RP11-603J24.14
ENSG00000257813,RP11-73B8.2
ENSG00000257815,RP11-611E13.2
ENSG00000257818,RP11-1143G9.2
ENSG00000257838,RP11-368J21.3
ENSG00000257839,RP11-290L1.2
ENSG00000257859,CASC18
ENSG00000257875,RP11-263K4.1
ENSG00000257880,RP11-769N19.2
ENSG00000257883,RP11-497G19.1
ENSG00000257884,RP11-597A11.4
ENSG00000257894,RP1-78O14.1
ENSG00000257900,RP11-454K7.1
ENSG00000257913,RP11-386G11.5
ENSG00000257918,RP11-482D24.3
ENSG00000257921,RP11-571M6.15
ENSG00000257947,RP11-46I1.1
ENSG00000257950,P2RX5-TAX1BP3
ENSG00000257954,RP11-161H23.10
ENSG00000257964,RP11-133N21.10
ENSG00000257966,OLA1P3
ENSG00000257999,RP11-61E11.2
ENSG00000258012,RP11-603K19.1
ENSG00000258017,RP11-386G11.10
ENSG00000258018,RP11-148B3.1
ENSG00000258038,CTD-2384A14.1
ENSG00000258056,RP11-644F5.11
ENSG00000258057,BCDIN3D-AS1
ENSG00000258065,RP11-30H9.1
ENSG00000258072,RP11-554D14.2
ENSG00000258082,RP11-443B7.3
ENSG00000258090,RP11-734E19.1
ENSG00000258099,RP11-686G8.2
ENSG00000258101,RP11-977B10.2
ENSG00000258104,HIGD1AP9
ENSG00000258111,RP11-43D4.2
ENSG00000258112,RP11-404O18.1
ENSG00000258119,RP11-804F13.1
ENSG00000258131,RP11-541G9.1
ENSG00000258133,RP11-340M11.1
ENSG00000258136,RP11-864J10.4
ENSG00000258137,RP11-753H16.3
ENSG00000258168,RP11-588H23.3
ENSG00000258177,RP11-394J1.2
ENSG00000258183,RP11-753N8.1
ENSG00000258210,RP11-478C19.2
ENSG00000258230,RP11-511H9.3
ENSG00000258262,RP11-693J15.3
ENSG00000258285,RP11-103B5.2
ENSG00000258288,RP11-554E23.3
ENSG00000258290,RP11-654D12.1
ENSG00000258301,RP11-488C13.5
ENSG00000258302,RP11-981P6.1
ENSG00000258303,RP11-887P2.6
ENSG00000258308,RP11-554E23.2
ENSG00000258311,RP11-644F5.10
ENSG00000258316,KLF17P1
ENSG00000258317,RP11-603J24.5
ENSG00000258325,RP4-816N1.6
ENSG00000258337,RP11-115H15.2
ENSG00000258338,RP11-87P13.2
ENSG00000258345,RP11-603J24.6
ENSG00000258354,MIR3180-1
ENSG00000258357,RP11-778J16.2
ENSG00000258359,PCNPP1
ENSG00000258365,RP11-1105G2.3
ENSG00000258376,RP4-647C14.2
ENSG00000258377,RP11-649E7.5
ENSG00000258384,AC068831.6
ENSG00000258388,PPT2-EGFL8
ENSG00000258419,RP11-588P7.1
ENSG00000258430,RP11-982M15.2
ENSG00000258431,RP1-292L20.2
ENSG00000258435,RP11-711D18.2
ENSG00000258441,LINC00641
ENSG00000258445,RP11-307P22.1
ENSG00000258446,RP11-895M11.2
ENSG00000258450,RP11-649E7.7
ENSG00000258454,RP11-361H10.3
ENSG00000258458,CTD-2555K7.2
ENSG00000258459,CTD-2292M16.7
ENSG00000258461,RP11-164J13.1
ENSG00000258465,DCAF8
ENSG00000258466,RP11-1012A1.4
ENSG00000258469,CHMP4BP1
ENSG00000258472,RP11-192H23.4
ENSG00000258479,LINC00640
ENSG00000258499,RP11-862G15.2
ENSG00000258504,RP11-638I2.6
ENSG00000258510,RP11-493G17.4
ENSG00000258525,RP11-829H16.3
ENSG00000258526,RP11-111A21.1
ENSG00000258539,RP11-12J10.3
ENSG00000258545,RP4-755D9.1
ENSG00000258546,RP11-713N11.3
ENSG00000258548,LINC00645
ENSG00000258551,RP11-661P17.1
ENSG00000258555,SPECC1L-ADORA2A
ENSG00000258559,AC005519.4
ENSG00000258561,RP11-72M17.1
ENSG00000258568,RHOQP1
ENSG00000258572,RP11-1070N10.3
ENSG00000258578,RP11-98L12.2
ENSG00000258587,RP11-316E14.2
ENSG00000258590,NBEAP1
ENSG00000258591,RP11-545M17.3
ENSG00000258602,RP11-7F17.7
ENSG00000258603,RP3-414A15.10
ENSG00000258609,LINC-ROR
ENSG00000258610,RP11-488C13.7
ENSG00000258613,RPL21P7
ENSG00000258616,RP11-369C8.1
ENSG00000258626,COX7A2P1
ENSG00000258630,RP11-725G5.2
ENSG00000258632,RP11-354B3.1
ENSG00000258633,RP11-857B24.1
ENSG00000258634,RP4-773N10.4
ENSG00000258640,RPL21P5
ENSG00000258642,RP11-219E7.2
ENSG00000258646,RP11-950C14.3
ENSG00000258651,RP11-545M17.1
ENSG00000258653,RP5-1021I20.4
ENSG00000258655,ARHGAP5-AS1
ENSG00000258657,RP11-104E19.1
ENSG00000258667,HIF1A-AS2
ENSG00000258674,CTC-260F20.3
ENSG00000258682,CTD-2002H8.2
ENSG00000258701,LINC00638
ENSG00000258702,RP11-433J8.1
ENSG00000258704,RP11-85K15.2
ENSG00000258725,PRC1-AS1
ENSG00000258727,RP11-66N24.3
ENSG00000258729,DKFZP434O1614
ENSG00000258731,RP11-547D23.1
ENSG00000258732,RP11-603B24.1
ENSG00000258733,CTD-2341M24.1
ENSG00000258735,LINC00637
ENSG00000258738,RP11-73E17.2
ENSG00000258744,RP11-80A15.1
ENSG00000258749,RP11-688G15.3
ENSG00000258758,RP11-613G13.1
ENSG00000258760,CTD-2509G16.5
ENSG00000258768,CTD-2292M16.8
ENSG00000258777,HIF1A-AS1
ENSG00000258778,RP11-804M7.1
ENSG00000258790,KIAA0391
ENSG00000258796,CTD-2560C21.1
ENSG00000258807,RP11-1152H15.1
ENSG00000258811,CTD-3051D23.1
ENSG00000258813,RP11-109N23.4
ENSG00000258815,RP11-408B11.2
ENSG00000258819,RP11-7F17.3
ENSG00000258823,CTD-2555K7.3
ENSG00000258824,CTD-2555O16.2
ENSG00000258842,RP11-355I22.5
ENSG00000258850,RP11-214N1.1
ENSG00000258856,CTD-2325K12.1
ENSG00000258867,LINC01146
ENSG00000258872,FDPSP3
ENSG00000258875,CTD-2547L24.3
ENSG00000258876,RP11-270M14.5
ENSG00000258878,CTD-2509G16.3
ENSG00000258881,AC007040.11
ENSG00000258891,RP5-1021I20.5
ENSG00000258900,HNRNPCP1
ENSG00000258904,RP11-638I2.2
ENSG00000258906,CTD-2552B11.3
ENSG00000258920,FOXN3-AS1
ENSG00000258922,CTD-2313J17.1
ENSG00000258924,CTB-96E2.3
ENSG00000258938,RP11-317N8.5
ENSG00000258940,RP11-407N17.5
ENSG00000258944,RP4-647C14.3
ENSG00000258967,HMGN1P3
ENSG00000258973,RP11-934B9.3
ENSG00000258976,CTD-2207P18.2
ENSG00000258984,UBE2F-SCLY
ENSG00000258988,RP11-125H8.1
ENSG00000258990,MPPE1P1
ENSG00000259001,RPPH1
ENSG00000259003,AE000662.92
ENSG00000259005,RP3-449M8.6
ENSG00000259039,RP11-409I10.2
ENSG00000259049,RP11-589M4.1
ENSG00000259050,CHORDC2P
ENSG00000259051,HNRNPUP1
ENSG00000259056,DUXAP1
ENSG00000259065,RP5-1021I20.1
ENSG00000259070,LINC00639
ENSG00000259071,RP11-247L20.4
ENSG00000259080,RP11-158I13.2
ENSG00000259081,RP11-488C13.6
ENSG00000259088,CTD-2017C7.2
ENSG00000259113,RP11-406H23.2
ENSG00000259116,RP11-973N13.4
ENSG00000259129,LINC00648
ENSG00000259143,CTD-2240H23.2
ENSG00000259151,CAP2P1
ENSG00000259153,RP6-65G23.3
ENSG00000259158,ADAM20P1
ENSG00000259172,RP11-299G20.2
ENSG00000259191,RP11-253M7.3
ENSG00000259192,AC109631.1
ENSG00000259196,HMBOX1-IT1
ENSG00000259205,PRKXP1
ENSG00000259209,RP5-991G20.2
ENSG00000259219,CTD-3076O17.2
ENSG00000259230,CTD-2555C10.3
ENSG00000259232,RP11-349G13.1
ENSG00000259241,RP11-313P18.2
ENSG00000259244,RP11-182J1.12
ENSG00000259248,USP3-AS1
ENSG00000259251,RP11-643M14.1
ENSG00000259254,CTD-2339L15.3
ENSG00000259257,RP11-616M17.1
ENSG00000259268,AC007950.1
ENSG00000259274,CTD-2501E16.2
ENSG00000259275,RP11-522B15.3
ENSG00000259286,RP11-696L21.2
ENSG00000259287,RP11-3D4.2
ENSG00000259291,RP11-617F23.1
ENSG00000259293,RP11-355N15.1
ENSG00000259295,CSPG4P12
ENSG00000259299,RP11-37J13.1
ENSG00000259314,CTD-3065B20.3
ENSG00000259315,RP11-752G15.9
ENSG00000259316,CTD-2116N17.1
ENSG00000259318,RP11-454L9.2
ENSG00000259319,RP11-293M10.6
ENSG00000259321,RP11-468E2.5
ENSG00000259326,RP11-102L12.2
ENSG00000259334,LINC00596
ENSG00000259336,RP11-323I15.5
ENSG00000259343,RP11-761I4.3
ENSG00000259345,RP11-624L4.1
ENSG00000259346,RP11-349G13.2
ENSG00000259347,RP11-798K3.2
ENSG00000259354,RP11-519G16.3
ENSG00000259357,RP11-316M1.12
ENSG00000259358,RP11-456J20.1
ENSG00000259362,RP11-307C19.1
ENSG00000259363,CTD-2054N24.2
ENSG00000259366,CTD-2647L4.4
ENSG00000259371,RP11-468E2.6
ENSG00000259374,RP11-736N17.4
ENSG00000259377,CTD-2308G16.1
ENSG00000259378,DCAF13P3
ENSG00000259379,RP11-925D8.5
ENSG00000259380,RP11-346D14.1
ENSG00000259384,GH1
ENSG00000259388,CTD-2647E9.1
ENSG00000259392,RP11-758N13.3
ENSG00000259396,RP11-16O9.2
ENSG00000259398,RP11-430B1.1
ENSG00000259402,RP11-30K9.4
ENSG00000259404,EFTUD1P1
ENSG00000259408,RP11-3D4.3
ENSG00000259414,HERC2P7
ENSG00000259415,RP11-7M10.2
ENSG00000259416,RP11-158M2.5
ENSG00000259420,RP11-307C19.2
ENSG00000259422,RP11-593F23.1
ENSG00000259429,UBE2Q2P3
ENSG00000259433,CTD-2651B20.4
ENSG00000259436,CTC-378H22.2
ENSG00000259438,CTD-2650P22.1
ENSG00000259439,RP11-89K21.1
ENSG00000259443,RP11-403B2.5
ENSG00000259448,RP11-16E12.1
ENSG00000259453,RP11-815J21.1
ENSG00000259460,RP11-128A17.1
ENSG00000259462,RP11-752G15.3
ENSG00000259465,AHCYP7
ENSG00000259467,NDUFAF4P1
ENSG00000259469,RP11-227D13.4
ENSG00000259470,KRT8P9
ENSG00000259476,RP11-50C13.2
ENSG00000259479,CTD-2008A1.2
ENSG00000259488,RP11-154J22.1
ENSG00000259508,RP11-661D19.3
ENSG00000259511,UBE2Q2L
ENSG00000259512,HNRNPA1P5
ENSG00000259520,CTD-2651B20.3
ENSG00000259522,RP11-468E2.2
ENSG00000259529,RP11-468E2.4
ENSG00000259531,RP11-295H24.3
ENSG00000259536,RP11-111A22.1
ENSG00000259539,CTD-2651B20.1
ENSG00000259548,RP11-38G5.2
ENSG00000259553,MIR1302-11
ENSG00000259556,RP11-56B16.2
ENSG00000259562,RP11-762H8.2
ENSG00000259569,RP11-97O12.3
ENSG00000259577,RP11-430B1.2
ENSG00000259581,TYRO3P
ENSG00000259583,RP11-66B24.4
ENSG00000259585,RP11-150L8.4
ENSG00000259592,PRELID1P4
ENSG00000259605,AC074212.5
ENSG00000259607,CTD-2647L4.5
ENSG00000259609,RP11-342A23.1
ENSG00000259619,RP11-390M11.1
ENSG00000259623,RP11-156E6.1
ENSG00000259624,RP11-138H8.3
ENSG00000259628,RP11-467H10.2
ENSG00000259630,CTD-2262B20.1
ENSG00000259635,AC100830.3
ENSG00000259642,C15orf37
ENSG00000259648,RP11-643G16.4
ENSG00000259658,RP11-89K11.1
ENSG00000259659,RP11-151N17.1
ENSG00000259660,DNM1P47
ENSG00000259661,AC068831.15
ENSG00000259666,RP11-307C19.3
ENSG00000259669,RP11-643A5.2
ENSG00000259673,IQCH-AS1
ENSG00000259682,RP11-702L15.4
ENSG00000259683,RP11-182J1.14
ENSG00000259684,RP11-120K9.2
ENSG00000259697,RP11-299H22.1
ENSG00000259704,CTD-3094K11.1
ENSG00000259705,RP11-227D13.1
ENSG00000259706,HSP90B2P
ENSG00000259712,CTD-2184D3.5
ENSG00000259713,RP11-429B14.1
ENSG00000259717,LINC00677
ENSG00000259726,CSPG4P11
ENSG00000259732,RP11-59H7.3
ENSG00000259735,RP11-356M20.3
ENSG00000259736,RP11-387D10.2
ENSG00000259737,RP11-475A13.1
ENSG00000259744,RP11-138H8.6
ENSG00000259746,HSPE1P3
ENSG00000259750,RP11-356M20.2
ENSG00000259751,RP11-83J16.3
ENSG00000259753,ITGB3
ENSG00000259754,RP11-208K4.1
ENSG00000259755,RP11-505E24.2
ENSG00000259762,RP11-158M2.4
ENSG00000259767,RP11-90B9.2
ENSG00000259768,RP5-991G20.1
ENSG00000259771,RP11-429D19.1
ENSG00000259772,RP11-16E12.2
ENSG00000259774,RP11-182J1.13
ENSG00000259775,RP11-45P15.4
ENSG00000259780,RP11-304L19.12
ENSG00000259781,RP11-673C5.1
ENSG00000259782,CTD-2270L9.2
ENSG00000259788,RP11-359K18.3
ENSG00000259793,RP11-400N9.1
ENSG00000259797,RP11-96D1.3
ENSG00000259802,CTD-2256P15.2
ENSG00000259804,CTD-2012K14.7
ENSG00000259807,RP11-426C22.4
ENSG00000259810,AC002519.8
ENSG00000259818,RP5-1024G6.7
ENSG00000259820,AC083843.1
ENSG00000259826,RP11-467D6.1
ENSG00000259834,RP11-284N8.3
ENSG00000259845,HERC2P10
ENSG00000259848,AC097374.2
ENSG00000259856,RAB43P1
ENSG00000259863,SH3RF3-AS1
ENSG00000259865,RP11-488L18.10
ENSG00000259866,RP11-177N22.2
ENSG00000259868,RP11-1012E15.1
ENSG00000259876,CTD-3037G24.4
ENSG00000259877,RP11-46C24.7
ENSG00000259881,RP11-830F9.5
ENSG00000259891,CTA-204B4.2
ENSG00000259892,RP11-1H8.4
ENSG00000259895,RP11-715J22.2
ENSG00000259899,CTD-3037G24.3
ENSG00000259900,RP11-343C2.7
ENSG00000259915,RP11-410E4.1
ENSG00000259917,HNRNPLP2
ENSG00000259920,RP11-2E11.5
ENSG00000259921,AC022819.3
ENSG00000259922,RP11-322D14.1
ENSG00000259924,RP11-16E23.4
ENSG00000259925,CTA-363E6.2
ENSG00000259926,RP11-44F14.5
ENSG00000259929,CTA-481E9.4
ENSG00000259932,CTD-2651B20.7
ENSG00000259935,RP11-519C12.1
ENSG00000259939,RP11-77H9.5
ENSG00000259940,CTD-3203P2.1
ENSG00000259941,RP11-48G14.2
ENSG00000259943,RP1-39G22.7
ENSG00000259952,AC009133.15
ENSG00000259953,RP11-4O1.2
ENSG00000259954,IL21R-AS1
ENSG00000259959,RP11-121C2.2
ENSG00000259967,RP11-2E17.2
ENSG00000259970,AC099668.5
ENSG00000259972,AC009120.6
ENSG00000259974,LINC00261
ENSG00000259976,RP11-553L6.5
ENSG00000259984,RP11-335G20.7
ENSG00000259985,RP11-549B18.1
ENSG00000259994,RP11-305E6.4
ENSG00000259999,RP11-252K23.1
ENSG00000260000,RP3-467N11.1
ENSG00000260005,AC027601.1
ENSG00000260007,RP11-315D16.2
ENSG00000260015,RP11-510M2.5
ENSG00000260018,RP11-505K9.1
ENSG00000260021,RP11-480I12.10
ENSG00000260030,RP11-686F15.2
ENSG00000260032,LINC00657
ENSG00000260034,RP11-266L9.2
ENSG00000260036,RP11-178D12.2
ENSG00000260046,RP11-454K7.3
ENSG00000260052,CTC-527H23.3
ENSG00000260053,ABCB10P4
ENSG00000260060,RP11-388M20.1
ENSG00000260062,RP11-299H22.5
ENSG00000260063,RP5-968P14.2
ENSG00000260064,RP11-18F14.4
ENSG00000260072,CTD-2313J23.1
ENSG00000260075,NSFP1
ENSG00000260081,RP11-66N11.8
ENSG00000260083,MIR4519
ENSG00000260086,RP11-42I10.1
ENSG00000260088,RP11-92G12.3
ENSG00000260091,RP11-33B1.4
ENSG00000260092,RP11-77K12.7
ENSG00000260093,RP11-1E4.1
ENSG00000260095,RP11-715J22.3
ENSG00000260100,RP11-220I1.5
ENSG00000260101,RP11-568N6.1
ENSG00000260103,RP11-10O17.1
ENSG00000260105,AOC4P
ENSG00000260108,RP11-140H17.1
ENSG00000260120,RP11-177B4.2
ENSG00000260121,RP5-1142A6.9
ENSG00000260128,ULK4P2
ENSG00000260135,RP11-212I21.2
ENSG00000260136,CTD-2270L9.4
ENSG00000260139,CSPG4P13
ENSG00000260142,RP11-764E7.1
ENSG00000260144,RP11-361M10.3
ENSG00000260151,RP11-748L13.6
ENSG00000260152,RP11-69H7.4
ENSG00000260160,CTC-471J1.2
ENSG00000260170,RP11-96O20.4
ENSG00000260174,CTD-2022H16.3
ENSG00000260176,CTD-3126B10.4
ENSG00000260177,RP4-536B24.3
ENSG00000260179,RP5-902P8.12
ENSG00000260186,RP11-481J2.2
ENSG00000260190,RP11-229P13.25
ENSG00000260192,RP11-756H20.1
ENSG00000260193,RP11-83N9.5
ENSG00000260196,RP1-239B22.5
ENSG00000260209,RP11-680F20.10
ENSG00000260213,RP11-303E16.3
ENSG00000260219,RP11-347C12.10
ENSG00000260229,RP11-391L3.5
ENSG00000260231,JHDM1D-AS1
ENSG00000260233,SSSCA1-AS1
ENSG00000260236,RP11-708J19.1
ENSG00000260244,RP11-588K22.2
ENSG00000260249,RP11-401P9.5
ENSG00000260254,AP000997.2
ENSG00000260257,RP5-1085F17.3
ENSG00000260260,RP11-304L19.5
ENSG00000260261,RP11-480A16.1
ENSG00000260264,AC004125.3
ENSG00000260267,RP11-452L6.5
ENSG00000260269,CTD-2323K18.1
ENSG00000260273,RP11-425D10.10
ENSG00000260274,RP11-817O13.8
ENSG00000260276,RP11-77H9.2
ENSG00000260278,RP11-109G23.3
ENSG00000260279,AC137932.5
ENSG00000260280,SLX1B-SULT1A4
ENSG00000260285,RP11-600F24.7
ENSG00000260288,RP11-24M17.4
ENSG00000260290,CTD-2033A16.2
ENSG00000260293,RP11-715J22.6
ENSG00000260296,RP11-395I6.3
ENSG00000260300,RP11-505K9.4
ENSG00000260303,RP11-203B7.2
ENSG00000260306,RP11-645C24.5
ENSG00000260310,RP11-27M24.2
ENSG00000260316,LA16c-306A4.2
ENSG00000260317,RP11-48B3.4
ENSG00000260318,COX6CP1
ENSG00000260329,RP11-412D9.4
ENSG00000260331,RP11-111J6.2
ENSG00000260337,RP11-386M24.6
ENSG00000260339,HEXA-AS1
ENSG00000260342,RP11-1035H13.3
ENSG00000260350,RP11-152P23.2
ENSG00000260360,RP11-533E19.5
ENSG00000260361,CTD-2313J17.5
ENSG00000260367,RP11-264B17.4
ENSG00000260368,RP11-521I2.3
ENSG00000260369,CTD-2526A2.2
ENSG00000260381,RP11-429P3.5
ENSG00000260386,RP11-439L8.3
ENSG00000260388,LINC00562
ENSG00000260394,LA16c-313D11.9
ENSG00000260395,CTD-2649C14.1
ENSG00000260398,RP11-594N15.3
ENSG00000260400,RP11-119F7.5
ENSG00000260401,RP11-800A3.4
ENSG00000260404,RP11-384K6.6
ENSG00000260409,RP11-403B2.7
ENSG00000260410,RP11-505K9.3
ENSG00000260413,RP11-231C14.6
ENSG00000260417,CTD-2542L18.1
ENSG00000260423,RP13-735L24.1
ENSG00000260425,LA16c-316G12.2
ENSG00000260433,RP11-202D1.2
ENSG00000260442,RP11-22P6.3
ENSG00000260448,RP11-449H11.1
ENSG00000260452,TPRKBP2
ENSG00000260455,CASC14
ENSG00000260459,FTLP14
ENSG00000260460,RP11-284F21.8
ENSG00000260461,RP11-541N10.3
ENSG00000260464,RP4-561L24.3
ENSG00000260465,RP11-63M22.2
ENSG00000260470,RP11-834C11.11
ENSG00000260475,RP11-85A1.3
ENSG00000260482,CTD-2196E14.9
ENSG00000260490,RP11-265N6.3
ENSG00000260492,RP11-686F15.3
ENSG00000260493,RP11-219B4.7
ENSG00000260495,RP11-55K13.1
ENSG00000260498,RP4-536B24.4
ENSG00000260500,CTD-3193O13.1
ENSG00000260509,RP11-271M24.2
ENSG00000260515,CTD-2199O4.3
ENSG00000260517,RP11-426C22.5
ENSG00000260519,RP11-109E24.2
ENSG00000260526,RP11-73K9.2
ENSG00000260528,FAM157C
ENSG00000260534,RP11-1006G14.4
ENSG00000260563,RP13-516M14.1
ENSG00000260565,ERVK13-1
ENSG00000260566,RP11-20G6.3
ENSG00000260571,RP11-546B15.2
ENSG00000260572,RP11-16N11.2
ENSG00000260576,RP11-390D11.2
ENSG00000260578,CTD-2541J13.1
ENSG00000260583,LINC00515
ENSG00000260585,RP13-192B19.2
ENSG00000260588,RP11-930P14.2
ENSG00000260589,RP11-390B4.5
ENSG00000260597,AC012531.25
ENSG00000260601,RP11-552C15.1
ENSG00000260604,RP1-140K8.5
ENSG00000260611,RP11-352B15.2
ENSG00000260612,RP11-432I5.4
ENSG00000260615,WI2-1528O10.1
ENSG00000260619,RP11-775C24.3
ENSG00000260625,RP11-452L6.7
ENSG00000260630,SNAI3-AS1
ENSG00000260641,RP11-1299A16.3
ENSG00000260643,RP11-303E16.8
ENSG00000260644,HERC2P5
ENSG00000260645,RP11-250B2.5
ENSG00000260647,RP1-178F10.1
ENSG00000260648,RP11-133K1.7
ENSG00000260651,AF213884.2
ENSG00000260664,AC004158.3
ENSG00000260669,AL136419.6
ENSG00000260670,RP11-447M4.1
ENSG00000260672,RP11-1006G14.1
ENSG00000260685,RP11-326L17.1
ENSG00000260686,CTB-36H16.2
ENSG00000260693,AC026150.8
ENSG00000260695,RP11-513N24.1
ENSG00000260698,RP11-439E19.9
ENSG00000260708,CTA-29F11.1
ENSG00000260711,RP11-747H7.3
ENSG00000260714,RP11-266L9.1
ENSG00000260719,AC009133.17
ENSG00000260726,KLF8P1
ENSG00000260727,SLC7A5P1
ENSG00000260729,RP11-106M3.2
ENSG00000260735,RP11-72I8.1
ENSG00000260742,RP11-366L5.1
ENSG00000260743,RP11-255C15.3
ENSG00000260746,RP11-14K3.1
ENSG00000260747,RP11-421N8.1
ENSG00000260751,CTD-2196E14.6
ENSG00000260757,RP11-120K18.2
ENSG00000260763,RP11-445O3.3
ENSG00000260772,RP11-311C24.1
ENSG00000260773,RP11-352G18.2
ENSG00000260774,CTD-2083E4.4
ENSG00000260776,RP11-114H24.2
ENSG00000260777,CTD-2008P7.1
ENSG00000260778,MIR940
ENSG00000260782,RP11-480G7.2
ENSG00000260785,CASC17
ENSG00000260790,RP11-21M24.2
ENSG00000260792,RP11-982M15.8
ENSG00000260793,RP5-882C2.2
ENSG00000260796,RP11-1348G14.5
ENSG00000260799,KRT8P50
ENSG00000260803,Z84812.4
ENSG00000260804,RP11-566E18.3
ENSG00000260805,RP11-61J19.4
ENSG00000260806,RP11-872J21.3
ENSG00000260810,CTD-2547L24.4
ENSG00000260815,RP11-24M17.3
ENSG00000260816,RP11-319G9.3
ENSG00000260822,GS1-358P8.4
ENSG00000260823,RP11-249C24.10
ENSG00000260828,HMGB3P32
ENSG00000260830,RP11-524O1.4
ENSG00000260846,RP11-488I20.7
ENSG00000260852,FBXL19-AS1
ENSG00000260855,RP11-439E19.10
ENSG00000260861,RP4-576H24.4
ENSG00000260865,CTA-331F8.1
ENSG00000260871,CTD-2373J6.1
ENSG00000260874,RP11-715J22.4
ENSG00000260879,RP11-483I13.5
ENSG00000260880,HCCAT5
ENSG00000260886,RP11-432I5.1
ENSG00000260895,RP11-554A11.7
ENSG00000260896,RP11-314O13.1
ENSG00000260898,ADPGK-AS1
ENSG00000260908,CTB-134H23.3
ENSG00000260911,RP11-196G11.2
ENSG00000260912,RP11-363E7.4
ENSG00000260914,RP11-343C2.11
ENSG00000260917,RP11-57H14.4
ENSG00000260918,RP11-731J8.2
ENSG00000260920,RP1-228H13.5
ENSG00000260922,RP11-538I12.3
ENSG00000260923,AC137934.1
ENSG00000260924,AC004463.6
ENSG00000260927,RP11-459F6.3
ENSG00000260939,RP11-467J12.3
ENSG00000260942,CAPN10-AS1
ENSG00000260943,RP11-476D10.1
ENSG00000260948,RP11-552M11.8
ENSG00000260949,KB-1836B5.1
ENSG00000260966,RP11-690D19.3
ENSG00000260971,RP11-504A18.1
ENSG00000260973,RP11-105C19.2
ENSG00000260988,RP11-285A1.1
ENSG00000260996,RP13-122B23.8
ENSG00000260997,RP4-647J21.1
ENSG00000261000,RP11-534L20.5
ENSG00000261002,RP11-546B15.1
ENSG00000261003,RP1-140C12.2
ENSG00000261007,RP11-382N13.3
ENSG00000261008,AC004158.2
ENSG00000261019,RP11-111K18.2
ENSG00000261025,RP11-84D1.2
ENSG00000261026,CTD-3247F14.2
ENSG00000261030,RP11-791M20.1
ENSG00000261037,CTC-471C19.1
ENSG00000261056,RP11-454F8.2
ENSG00000261057,LINC00555
ENSG00000261061,RP11-303E16.2
ENSG00000261064,RP11-1000B6.3
ENSG00000261067,RP11-264B17.3
ENSG00000261069,SNORD116-20
ENSG00000261071,RP1-223E5.4
ENSG00000261072,RP11-5N19.3
ENSG00000261079,RP11-252A24.3
ENSG00000261084,PPP1R1AP2
ENSG00000261087,KB-1460A1.5
ENSG00000261093,CTD-3126B10.1
ENSG00000261094,RP11-355O1.11
ENSG00000261096,RP11-690I21.2
ENSG00000261098,RP11-819C21.1
ENSG00000261101,RP4-545K15.5
ENSG00000261114,RP11-325K4.2
ENSG00000261123,RP11-304L19.3
ENSG00000261126,RBFADN
ENSG00000261135,RP4-798A10.7
ENSG00000261136,RP11-37C7.3
ENSG00000261140,RP11-20I23.6
ENSG00000261143,ADAMTS7P3
ENSG00000261147,RP11-697E2.6
ENSG00000261158,CTD-2583P5.3
ENSG00000261159,RP11-723O4.9
ENSG00000261167,RP11-517B11.7
ENSG00000261168,RP11-68I18.10
ENSG00000261173,RP11-169E6.1
ENSG00000261174,RP11-844G16.1
ENSG00000261177,RP11-805I24.1
ENSG00000261186,RP11-341N2.1
ENSG00000261187,RP11-1007O24.2
ENSG00000261188,CTA-445C9.14
ENSG00000261202,RP3-496C20.1
ENSG00000261206,LINC00561
ENSG00000261211,RP1-80N2.3
ENSG00000261215,RP11-195F19.30
ENSG00000261218,RP11-960L18.1
ENSG00000261219,RP11-344A16.2
ENSG00000261220,RP11-629O1.2
ENSG00000261226,RP11-830F9.7
ENSG00000261229,RP11-38G5.4
ENSG00000261231,RP11-523L20.2
ENSG00000261239,ANKRD26P1
ENSG00000261241,RP11-883G14.1
ENSG00000261242,CTD-2302E22.4
ENSG00000261251,RP3-388M5.9
ENSG00000261270,RP11-325K4.3
ENSG00000261279,ULK4P1
ENSG00000261286,RP11-517C16.2
ENSG00000261288,RP11-20I23.11
ENSG00000261291,RP11-295M3.2
ENSG00000261296,RP11-299H22.6
ENSG00000261302,RP11-343H19.1
ENSG00000261305,RP4-584D14.7
ENSG00000261312,AC002550.5
ENSG00000261315,LARP4P
ENSG00000261324,RP11-174G6.5
ENSG00000261326,RP5-1057J7.6
ENSG00000261329,CTD-2049O4.1
ENSG00000261334,RP11-65J3.14
ENSG00000261335,RP11-318A15.2
ENSG00000261338,RP11-378A13.1
ENSG00000261340,RP11-215H22.1
ENSG00000261341,CTD-2568A17.1
ENSG00000261342,AC006538.1
ENSG00000261349,RP3-465N24.5
ENSG00000261351,CTD-3185P2.1
ENSG00000261359,C16orf98
ENSG00000261360,CTD-2165H16.4
ENSG00000261366,MANEA-AS1
ENSG00000261368,RP11-96B5.4
ENSG00000261373,VPS9D1-AS1
ENSG00000261377,RP11-578F21.12
ENSG00000261379,RP11-395N3.1
ENSG00000261386,CTD-2012K14.6
ENSG00000261402,RP11-378I6.1
ENSG00000261404,AC009120.4
ENSG00000261408,TEN1-CDK3
ENSG00000261416,RP11-455F5.5
ENSG00000261420,RP1-168L15.5
ENSG00000261423,RP11-1007O24.3
ENSG00000261428,RP11-16P6.1
ENSG00000261433,CTC-297N7.1
ENSG00000261434,CTD-2083E4.7
ENSG00000261435,MIR1587
ENSG00000261438,RP11-399O19.9
ENSG00000261441,RP11-217B1.2
ENSG00000261448,CTD-2576D5.4
ENSG00000261449,RP11-589C21.5
ENSG00000261451,RP11-981G7.1
ENSG00000261455,LINC01003
ENSG00000261460,RP11-106M3.3
ENSG00000261462,CTA-254O6.1
ENSG00000261471,RP11-61F12.1
ENSG00000261476,RP11-77K12.3
ENSG00000261478,RP11-429B14.4
ENSG00000261480,RP11-578F21.6
ENSG00000261481,RP11-77H9.6
ENSG00000261485,PAN3-AS1
ENSG00000261487,AC135048.13
ENSG00000261488,RP11-757F18.5
ENSG00000261490,RP11-448G15.3
ENSG00000261499,CH17-260O16.2
ENSG00000261504,RP11-317P15.4
ENSG00000261505,LA16c-358B7.3
ENSG00000261512,RP11-46D6.1
ENSG00000261515,VN1R70P
ENSG00000261519,Y_RNA
ENSG00000261520,DLGAP1-AS5
ENSG00000261522,RP11-407P15.1
ENSG00000261526,CTB-31O20.2
ENSG00000261529,RP13-487P22.1
ENSG00000261532,RP11-304L19.8
ENSG00000261534,RP11-244O19.1
ENSG00000261537,RP11-319G9.5
ENSG00000261542,RP11-16E18.3
ENSG00000261544,RP11-16E23.3
ENSG00000261546,CTD-2555A7.3
ENSG00000261553,RP11-29G8.3
ENSG00000261556,RP11-296I10.6
ENSG00000261560,RP11-166B2.3
ENSG00000261568,RP11-524C21.2
ENSG00000261575,RP11-259G18.1
ENSG00000261578,RP11-21L23.2
ENSG00000261582,RP4-614O4.11
ENSG00000261584,RP11-457M11.5
ENSG00000261595,RP11-426L16.9
ENSG00000261596,CTB-31N19.3
ENSG00000261599,HERC2P8
ENSG00000261602,CTD-2033A16.1
ENSG00000261606,RP11-414J4.2
ENSG00000261610,AP000265.1
ENSG00000261611,AC010547.9
ENSG00000261613,RP11-20I23.13
ENSG00000261616,RP11-6O2.3
ENSG00000261617,RP11-243A14.1
ENSG00000261618,RP11-79H23.3
ENSG00000261624,RP5-914M6.1
ENSG00000261635,RP11-618N24.1
ENSG00000261644,RP11-327F22.2
ENSG00000261645,DISC1FP1
ENSG00000261654,RP11-96K19.4
ENSG00000261659,LA16c-313D11.12
ENSG00000261662,RP5-1042I8.7
ENSG00000261663,RP11-304L19.11
ENSG00000261666,LINC00560
ENSG00000261668,RP11-50D9.3
ENSG00000261670,RP11-1C8.5
ENSG00000261673,RP11-328J14.1
ENSG00000261679,ATP5HP1
ENSG00000261683,LINC00838
ENSG00000261684,RP11-265N6.1
ENSG00000261689,AGGF1P4
ENSG00000261692,RP1-168P16.1
ENSG00000261693,RP13-467H17.1
ENSG00000261696,RP11-354P17.15
ENSG00000261697,RP11-178L8.5
ENSG00000261716,RP11-196G18.22
ENSG00000261717,RP11-77K12.1
ENSG00000261732,LA16c-431H6.6
ENSG00000261734,RP11-669C19.1
ENSG00000261736,AC002551.1
ENSG00000261737,RP4-612B15.3
ENSG00000261742,LINC00922
ENSG00000261754,CTC-523E23.1
ENSG00000261757,AC005592.3
ENSG00000261758,RP11-102M11.2
ENSG00000261764,KRT18P18
ENSG00000261765,RP11-498D10.3
ENSG00000261766,RP11-22P6.2
ENSG00000261770,CTC-459F4.1
ENSG00000261773,WI2-89031B12.1
ENSG00000261777,RP11-529K1.2
ENSG00000261783,RP11-252K23.2
ENSG00000261786,RP4-555D20.2
ENSG00000261790,AC005606.14
ENSG00000261798,RP1-118J21.25
ENSG00000261799,RP11-283I3.6
ENSG00000261801,LOXL1-AS1
ENSG00000261804,RP11-44F14.2
ENSG00000261819,RP11-680G24.4
ENSG00000261823,RP11-48G14.1
ENSG00000261824,LINC00662
ENSG00000261826,RP11-691G17.1
ENSG00000261837,RP11-264L1.3
ENSG00000261839,RP1-265C24.8
ENSG00000261840,RP11-146F11.1
ENSG00000261845,RP13-638C3.4
ENSG00000261879,RP11-333E1.1
ENSG00000261884,CTC-479C5.12
ENSG00000261889,RP11-473M20.16
ENSG00000261904,RP11-109M19.3
ENSG00000261915,RP11-542C16.2
ENSG00000261916,RP11-235E17.4
ENSG00000261970,RP11-342L8.2
ENSG00000261971,RP11-473M20.7
ENSG00000261996,CTC-281F24.1
ENSG00000262001,DLGAP1-AS2
ENSG00000262038,RP11-177N22.3
ENSG00000262049,RP13-1032I1.7
ENSG00000262050,RP11-74E22.3
ENSG00000262074,SNORD3B-2
ENSG00000262089,RP11-589P10.5
ENSG00000262096,PCDHB19P
ENSG00000262106,OR1D3P
ENSG00000262117,BCAR4
ENSG00000262118,RP11-433P17.3
ENSG00000262119,RP11-483C6.1
ENSG00000262136,CTD-2033A16.3
ENSG00000262140,RP11-417N10.3
ENSG00000262151,RP11-876N24.2
ENSG00000262155,RP11-266L9.5
ENSG00000262158,CTD-2318B16.2
ENSG00000262160,RP11-96D1.11
ENSG00000262179,RP1-302G2.5
ENSG00000262180,OCLM
ENSG00000262202,SNORD3D
ENSG00000262227,RP5-1050D4.5
ENSG00000262228,RP11-676J12.4
ENSG00000262265,RP5-867C24.4
ENSG00000262292,RP11-160E2.11
ENSG00000262304,SHPK
ENSG00000262312,LA16c-390H2.4
ENSG00000262322,RP11-109M19.2
ENSG00000262333,HNRNPA1P16
ENSG00000262370,RP11-473M20.9
ENSG00000262380,CTB-193M12.3
ENSG00000262381,CTD-2318B16.1
ENSG00000262402,RP11-667K14.8
ENSG00000262412,RP11-85G18.6
ENSG00000262413,RP11-498C9.3
ENSG00000262420,RP11-490O6.2
ENSG00000262454,RP11-65J21.3
ENSG00000262456,RP1-59D14.1
ENSG00000262461,SPDYE8P
ENSG00000262468,RP11-95P2.1
ENSG00000262470,TVP23CP2
ENSG00000262481,C17orf61-PLSCR3
ENSG00000262488,RP11-876N24.1
ENSG00000262497,FAM187B2P
ENSG00000262503,RP11-530N7.2
ENSG00000262514,RP11-96D1.9
ENSG00000262528,LA16c-349E10.1
ENSG00000262539,RP11-259G18.3
ENSG00000262580,RP11-334C17.5
ENSG00000262585,RP11-353N14.5
ENSG00000262587,RP11-266L9.4
ENSG00000262619,LINC00621
ENSG00000262621,NAA60
ENSG00000262633,RP11-156P1.2
ENSG00000262648,PHBP15
ENSG00000262652,RP13-638C3.2
ENSG00000262663,RP11-497H17.1
ENSG00000262691,CTC-277H1.7
ENSG00000262700,RP11-266L9.3
ENSG00000262712,RP11-295D4.1
ENSG00000262714,RP11-44F14.8
ENSG00000262721,AC106782.20
ENSG00000262728,AC123768.4
ENSG00000262766,RP11-196G11.4
ENSG00000262768,RP11-353N14.1
ENSG00000262772,RP11-353N14.2
ENSG00000262801,U91319.1
ENSG00000262803,RP11-160A9.3
ENSG00000262810,RP11-667K14.5
ENSG00000262877,RP11-1055B8.4
ENSG00000262879,RP11-156P1.3
ENSG00000262903,RP11-235E17.6
ENSG00000262904,RP11-144N1.1
ENSG00000262943,ALOX12P2
ENSG00000262966,RP11-85B7.2
ENSG00000262979,CTD-2047H16.2
ENSG00000262980,OR52L2P
ENSG00000263006,ROCK1P1
ENSG00000263033,RP11-396B14.2
ENSG00000263069,CTD-2047H16.4
ENSG00000263072,RP11-473M20.14
ENSG00000263080,RP11-485G7.5
ENSG00000263089,RP11-166P13.4
ENSG00000263120,RP5-1107A17.4
ENSG00000263126,CTC-479C5.10
ENSG00000263142,LRRC37A17P
ENSG00000263165,RP11-810M2.2
ENSG00000263196,CTD-2318B16.3
ENSG00000263219,RYKP1
ENSG00000263220,RP11-420A6.2
ENSG00000263232,ATP5A1P3
ENSG00000263235,RP11-461A8.4
ENSG00000263241,RP11-109M19.4
ENSG00000263244,RP11-473I1.10
ENSG00000263257,RP11-65J21.4
ENSG00000263264,CTB-133G6.1
ENSG00000263266,RPS7P1
ENSG00000263272,CTC-524C5.2
ENSG00000263276,RP11-96D1.10
ENSG00000263278,CH17-351M24.1
ENSG00000263293,RP11-290H9.4
ENSG00000263307,RP11-166B2.8
ENSG00000263327,TAPT1-AS1
ENSG00000263335,AF001548.5
ENSG00000263338,RP11-235E17.3
ENSG00000263366,ABHD17AP1
ENSG00000263394,RP11-160E2.19
ENSG00000263412,RP5-890E16.2
ENSG00000263426,RN7SL471P
ENSG00000263529,RN7SL122P
ENSG00000263531,RP13-753N3.1
ENSG00000263535,AK4P1
ENSG00000263563,UBBP4
ENSG00000263567,RP11-805L22.3
ENSG00000263585,RP11-498C9.13
ENSG00000263603,CTD-2349P21.5
ENSG00000263606,RP11-737O24.3
ENSG00000263620,RP11-599B13.6
ENSG00000263648,RP11-471L13.3
ENSG00000263667,RP3-416J7.4
ENSG00000263680,RP11-57A1.1
ENSG00000263709,RP11-321A17.4
ENSG00000263731,RP11-498C9.15
ENSG00000263749,OOSP1P2
ENSG00000263753,LINC00667
ENSG00000263766,RP11-580I16.2
ENSG00000263786,RP11-649A18.4
ENSG00000263812,LINC00908
ENSG00000263818,CTD-2206N4.4
ENSG00000263823,RP11-326K13.4
ENSG00000263826,RP11-573D15.9
ENSG00000263843,RP11-649A18.12
ENSG00000263859,RP11-498C9.16
ENSG00000263862,RP11-107K17.1
ENSG00000263874,LINC00672
ENSG00000263883,RP11-51F16.5
ENSG00000263884,RP11-705O1.8
ENSG00000263887,RP11-51L5.5
ENSG00000263917,RP11-53I6.2
ENSG00000263934,SNORD3A
ENSG00000263941,RN7SL32P
ENSG00000263968,RN7SL381P
ENSG00000263969,RN7SL678P
ENSG00000263989,RN7SL615P
ENSG00000264017,RN7SL336P
ENSG00000264070,DND1P1
ENSG00000264083,RP11-227G15.9
ENSG00000264112,RP11-159D12.2
ENSG00000264167,RP1-253P7.1
ENSG00000264204,AGAP7
ENSG00000264207,RP11-196G18.23
ENSG00000264235,RP13-270P17.1
ENSG00000264247,LINC00909
ENSG00000264275,RN7SL753P
ENSG00000264278,RP11-162A12.2
ENSG00000264290,RP11-68I3.4
ENSG00000264293,RN7SL657P
ENSG00000264311,CCDC58P1
ENSG00000264324,RP11-287D1.3
ENSG00000264384,RN7SL431P
ENSG00000264435,RP11-338L22.3
ENSG00000264444,SDHCP1
ENSG00000264448,MIR378D2
ENSG00000264451,RP11-433M22.2
ENSG00000264456,RP11-848P1.2
ENSG00000264538,SUZ12P
ENSG00000264546,RP11-464D20.6
ENSG00000264548,RP13-516M14.2
ENSG00000264575,LINC00526
ENSG00000264577,AC010761.8
ENSG00000264582,RN7SL326P
ENSG00000264608,RP11-192H23.8
ENSG00000264635,RP11-769O8.3
ENSG00000264655,CTD-2267D19.4
ENSG00000264663,KRT8P34
ENSG00000264705,RP11-674P19.2
ENSG00000264735,RP11-498C9.17
ENSG00000264739,RP11-138I1.2
ENSG00000264743,DPRXP4
ENSG00000264754,CTD-2653B5.1
ENSG00000264772,SNORA67
ENSG00000264801,RP11-149I2.5
ENSG00000264808,MIR4523
ENSG00000264812,RP13-20L14.4
ENSG00000264853,RP11-16C1.2
ENSG00000264860,RP11-143K11.5
ENSG00000264862,RN7SL45P
ENSG00000264885,RP11-815I9.4
ENSG00000264895,RP11-421E14.2
ENSG00000264911,RP11-107K17.2
ENSG00000264916,RN7SL230P
ENSG00000264920,RP11-6N17.4
ENSG00000264937,AC100830.5
ENSG00000264943,SH3GL1P2
ENSG00000264954,RP11-214C8.2
ENSG00000264964,RP11-888D10.3
ENSG00000264968,RP11-387H17.4
ENSG00000264978,RN7SL630P
ENSG00000265000,RP11-453A12.1
ENSG00000265018,CTGLF12P
ENSG00000265073,AC010761.6
ENSG00000265091,RP11-835E18.5
ENSG00000265093,RN7SL246P
ENSG00000265100,RP11-147L13.2
ENSG00000265123,RN7SL200P
ENSG00000265148,BZRAP1-AS1
ENSG00000265185,SNORD3B-1
ENSG00000265206,MIR142
ENSG00000265218,RP11-927P21.1
ENSG00000265222,RP11-466A19.8
ENSG00000265240,RP11-638L3.2
ENSG00000265263,RP11-135L13.4
ENSG00000265282,RP11-269G24.4
ENSG00000265287,RP11-192H23.6
ENSG00000265315,RN7SL199P
ENSG00000265337,RP11-466A19.5
ENSG00000265369,U3
ENSG00000265399,RP13-270P17.2
ENSG00000265411,RN7SL656P
ENSG00000265413,RP11-789C17.1
ENSG00000265478,CTD-2145A24.3
ENSG00000265479,DTX2P1-UPK3BP1-PMS2P11
ENSG00000265480,KRT18P55
ENSG00000265496,MIR1539
ENSG00000265555,RP11-638L3.3
ENSG00000265559,RN7SL652P
ENSG00000265566,RN7SL605P
ENSG00000265625,RP11-68I3.11
ENSG00000265631,BNIP3P3
ENSG00000265683,RP11-173M1.5
ENSG00000265684,RN7SL378P
ENSG00000265688,MAFG-AS1
ENSG00000265690,RP11-5A19.5
ENSG00000265692,RP13-516M14.4
ENSG00000265713,RP11-82O19.2
ENSG00000265727,RN7SL648P
ENSG00000265728,RP11-883A18.3
ENSG00000265735,RN7SL5P
ENSG00000265745,RN7SL375P
ENSG00000265746,KYNUP2
ENSG00000265778,RP11-17M16.2
ENSG00000265787,CYP4F35P
ENSG00000265791,CTD-2349P21.10
ENSG00000265798,RP11-271K11.5
ENSG00000265799,RP11-387H17.6
ENSG00000265800,RP11-649A18.5
ENSG00000265801,RP11-720N19.2
ENSG00000265802,RN7SL49P
ENSG00000265818,EEF1E1-BLOC1S5
ENSG00000265912,RP11-583F2.2
ENSG00000265939,UBE2CP2
ENSG00000265942,RN7SL577P
ENSG00000265946,RP11-752P2.2
ENSG00000265967,AC100830.4
ENSG00000265975,CTB-41I6.2
ENSG00000266053,RP11-143J12.2
ENSG00000266066,POLRMTP1
ENSG00000266079,SNORA59B
ENSG00000266086,RP11-159D12.5
ENSG00000266088,RP5-1028K7.2
ENSG00000266111,RP11-296K13.4
ENSG00000266126,RP11-209D14.4
ENSG00000266127,RP11-474N24.2
ENSG00000266196,RP11-675P14.1
ENSG00000266208,CTD-2267D19.3
ENSG00000266222,RP11-433M22.1
ENSG00000266236,NARF-IT1
ENSG00000266237,RP11-25D3.1
ENSG00000266256,LINC00683
ENSG00000266258,RP11-41O4.1
ENSG00000266289,RP11-1C8.6
ENSG00000266290,RP11-159D12.10
ENSG00000266296,ARIH2P1
ENSG00000266340,RP11-848P1.4
ENSG00000266368,RP11-1096G20.5
ENSG00000266371,RP11-142O6.1
ENSG00000266385,RP11-227G15.8
ENSG00000266389,CTB-41I6.1
ENSG00000266405,CBX3P2
ENSG00000266420,RN7SL118P
ENSG00000266446,RP11-149I2.4
ENSG00000266467,RN7SL220P
ENSG00000266469,CTB-131K11.1
ENSG00000266473,RP11-401F2.3
ENSG00000266490,CTD-2349P21.9
ENSG00000266498,RP11-45M22.5
ENSG00000266501,RP11-766H1.1
ENSG00000266503,RN7SL162P
ENSG00000266505,RP11-629E24.2
ENSG00000266513,RP11-874J12.3
ENSG00000266521,RP11-650P15.1
ENSG00000266527,RP11-138P22.1
ENSG00000266601,RP11-6N17.3
ENSG00000266604,RP11-856M7.6
ENSG00000266613,RFWD2P1
ENSG00000266642,RP11-20B24.4
ENSG00000266644,RP11-927P21.2
ENSG00000266648,RP11-112H10.6
ENSG00000266677,RP11-258F1.1
ENSG00000266680,RP5-1148A21.3
ENSG00000266718,RP11-466A19.1
ENSG00000266728,AC015688.3
ENSG00000266733,TBC1D29
ENSG00000266744,RP11-131K5.1
ENSG00000266777,SH3GL1P1
ENSG00000266783,RP11-715F3.2
ENSG00000266801,RP11-521L9.2
ENSG00000266803,RP1-77H15.1
ENSG00000266805,RP11-61L19.1
ENSG00000266820,RP13-104F24.1
ENSG00000266821,RP11-6N17.2
ENSG00000266839,U6
ENSG00000266844,RP11-862L9.3
ENSG00000266865,RP11-848P1.9
ENSG00000266876,RP11-1148O4.1
ENSG00000266896,RP1-266L20.9
ENSG00000266897,AC005546.2
ENSG00000266900,RP11-173A16.2
ENSG00000266904,LINC00663
ENSG00000266907,AC006116.22
ENSG00000266909,SLC25A6P4
ENSG00000266910,CTC-448F2.6
ENSG00000266913,CTC-548K16.2
ENSG00000266918,RP11-798G7.8
ENSG00000266921,RP11-15A1.7
ENSG00000266922,CTC-499B15.6
ENSG00000266923,RP11-693J15.4
ENSG00000266929,RP11-400F19.8
ENSG00000266931,RP11-1252D15.1
ENSG00000266932,AC006116.13
ENSG00000266933,AC005775.2
ENSG00000266934,RP11-332H18.3
ENSG00000266946,MRPL37P1
ENSG00000266947,RP11-799D4.4
ENSG00000266953,RP11-618P17.4
ENSG00000266962,RP11-400F19.6
ENSG00000266965,RP11-712P20.2
ENSG00000266976,AC079466.1
ENSG00000266978,CTD-2369P2.5
ENSG00000266980,RP11-552F3.4
ENSG00000266988,RP11-749H17.1
ENSG00000266992,DHX40P1
ENSG00000266993,RP4-657D16.3
ENSG00000266998,RP11-936I5.1
ENSG00000267002,RP11-242D8.1
ENSG00000267009,RP11-120M18.2
ENSG00000267030,CTB-50L17.7
ENSG00000267034,RP11-384O8.1
ENSG00000267040,RP11-35G9.3
ENSG00000267042,CTD-3193K9.4
ENSG00000267046,RP11-1094M14.9
ENSG00000267048,RP11-566K11.7
ENSG00000267052,CTB-30L5.1
ENSG00000267053,CTD-3162L10.1
ENSG00000267058,RP11-15A1.3
ENSG00000267064,UXT-AS1
ENSG00000267065,CTD-2246P4.1
ENSG00000267072,RP11-165E7.1
ENSG00000267074,RP11-1094M14.5
ENSG00000267076,CCDC58P3
ENSG00000267077,RP11-127I20.5
ENSG00000267078,RP11-666A8.9
ENSG00000267080,ASB16-AS1
ENSG00000267083,KRT18P61
ENSG00000267088,RP11-115N12.1
ENSG00000267091,CTBP2P7
ENSG00000267096,CTD-2537I9.13
ENSG00000267100,ILF3-AS1
ENSG00000267102,RP11-686D22.7
ENSG00000267106,C19orf82
ENSG00000267109,CTD-2378E21.1
ENSG00000267120,AD000671.6
ENSG00000267121,CTD-2020K17.1
ENSG00000267123,CTD-2357A8.3
ENSG00000267127,RP11-795F19.5
ENSG00000267134,RP11-146N18.1
ENSG00000267136,RP11-53B2.3
ENSG00000267142,CTD-3162L10.5
ENSG00000267143,RP11-677O4.6
ENSG00000267145,AC006116.14
ENSG00000267152,CTD-2528L19.6
ENSG00000267160,RP11-1072C15.4
ENSG00000267169,CTB-55O6.12
ENSG00000267170,CALM2P1
ENSG00000267178,PHF5CP
ENSG00000267179,ZNF763
ENSG00000267185,PTP4A2P1
ENSG00000267191,RP11-15A1.2
ENSG00000267196,RP11-813F20.4
ENSG00000267197,CTC-429L19.3
ENSG00000267198,RP11-798G7.6
ENSG00000267199,RP11-861E21.2
ENSG00000267201,AC005624.2
ENSG00000267213,AC007773.2
ENSG00000267216,AC010642.1
ENSG00000267219,AC010504.2
ENSG00000267222,RP11-194N12.2
ENSG00000267226,RP11-126O1.5
ENSG00000267231,AC005786.5
ENSG00000267244,CTB-31O20.4
ENSG00000267246,RP11-798G7.7
ENSG00000267248,CTD-2319I12.4
ENSG00000267249,RP11-973H7.3
ENSG00000267253,RP11-209M4.1
ENSG00000267254,CTD-2162K18.5
ENSG00000267257,RP11-1151B14.4
ENSG00000267260,CTD-2162K18.4
ENSG00000267263,RP11-75C10.7
ENSG00000267264,CTC-459F4.6
ENSG00000267265,CTC-550B14.7
ENSG00000267270,AC139100.2
ENSG00000267272,LINC01140
ENSG00000267274,CTD-2006C1.12
ENSG00000267277,CTD-2342J14.6
ENSG00000267278,MAP3K14-AS1
ENSG00000267283,AC005306.3
ENSG00000267285,RP5-951N9.2
ENSG00000267287,RP11-567M16.1
ENSG00000267298,AC006116.19
ENSG00000267302,RP11-178C3.2
ENSG00000267309,CTD-2630F21.1
ENSG00000267312,RP11-1094M14.7
ENSG00000267313,RP11-142I20.1
ENSG00000267317,CTB-25B13.12
ENSG00000267321,RP11-1094M14.11
ENSG00000267322,SCARNA17
ENSG00000267328,AC002398.12
ENSG00000267334,CTD-2534I21.8
ENSG00000267338,KB-7G2.9
ENSG00000267342,RP11-552F3.10
ENSG00000267346,EIF5AP3
ENSG00000267348,CTB-179K24.3
ENSG00000267359,RP11-1094M14.12
ENSG00000267360,CTC-454I21.3
ENSG00000267361,LOC100421166
ENSG00000267365,KCNJ2-AS1
ENSG00000267382,RP11-325K19.2
ENSG00000267383,CTC-260E6.6
ENSG00000267387,CTD-2240E14.4
ENSG00000267390,RP11-635N19.1
ENSG00000267397,RP11-873E20.1
ENSG00000267412,CTC-265F19.2
ENSG00000267414,RP11-456K23.1
ENSG00000267419,CTC-559E9.6
ENSG00000267422,CTD-2554C21.1
ENSG00000267426,RP11-552F3.12
ENSG00000267429,AC006116.15
ENSG00000267430,RP11-635N19.2
ENSG00000267432,RP11-559N14.5
ENSG00000267436,AC005786.7
ENSG00000267440,CTC-501O10.1
ENSG00000267454,ZNF582-AS1
ENSG00000267457,RP5-837J1.4
ENSG00000267459,AC006116.27
ENSG00000267462,RP11-866E20.3
ENSG00000267470,ZNF571-AS1
ENSG00000267472,LOC440461
ENSG00000267474,CTC-548K16.6
ENSG00000267475,CTD-2538C1.2
ENSG00000267481,CTC-559E9.5
ENSG00000267497,NFE2L3P1
ENSG00000267500,CTD-2006C1.6
ENSG00000267501,RP11-108P20.2
ENSG00000267503,RP11-53B2.4
ENSG00000267504,RP11-845C23.2
ENSG00000267512,CTC-250I14.3
ENSG00000267515,RP11-861E21.3
ENSG00000267519,MIR24-2
ENSG00000267520,RP11-373L24.1
ENSG00000267526,RP11-178C3.6
ENSG00000267532,MIR497HG
ENSG00000267533,RP11-815J4.7
ENSG00000267544,AC007229.3
ENSG00000267546,RP11-666A8.8
ENSG00000267547,RP11-686D22.4
ENSG00000267549,AC006116.17
ENSG00000267551,AC005264.2
ENSG00000267554,RP11-686D22.10
ENSG00000267559,RP11-383M4.6
ENSG00000267565,CTC-559E9.8
ENSG00000267570,RP11-773H22.1
ENSG00000267575,CTC-459F4.3
ENSG00000267579,RP11-126O1.2
ENSG00000267581,CTC-559E9.4
ENSG00000267582,CTD-3252C9.2
ENSG00000267583,RP11-322E11.5
ENSG00000267586,LINC00907
ENSG00000267587,RP11-687F6.4
ENSG00000267597,RPIAP1
ENSG00000267605,CTD-3220F14.1
ENSG00000267607,CTD-2369P2.8
ENSG00000267620,RP11-795H16.2
ENSG00000267627,RP11-905K4.1
ENSG00000267632,RP11-400F19.18
ENSG00000267644,CTD-2008P7.10
ENSG00000267645,POLR2J2
ENSG00000267648,RP11-686D22.3
ENSG00000267655,CTD-2286N8.2
ENSG00000267666,AC004156.3
ENSG00000267670,CTB-55O6.4
ENSG00000267672,CTD-2293H3.1
ENSG00000267679,EIF5AP2
ENSG00000267681,CTD-3199J23.6
ENSG00000267682,CTD-3220F14.2
ENSG00000267695,RP11-1030E3.1
ENSG00000267698,AC002116.7
ENSG00000267699,RP11-729L2.2
ENSG00000267702,RP11-53B2.2
ENSG00000267704,RP11-411B10.6
ENSG00000267717,SRSF10P1
ENSG00000267731,RP11-147L13.8
ENSG00000267742,FAM60CP
ENSG00000267745,RP11-686D22.8
ENSG00000267749,CTC-265F19.1
ENSG00000267750,AC003102.3
ENSG00000267751,AC009005.2
ENSG00000267756,RP11-411B10.4
ENSG00000267757,C19orf83
ENSG00000267764,RP11-484L8.1
ENSG00000267767,CTC-523E23.4
ENSG00000267784,RP11-171I2.1
ENSG00000267787,RP11-35G9.5
ENSG00000267801,RP11-552F3.9
ENSG00000267808,AC018755.17
ENSG00000267827,CTC-471J1.8
ENSG00000267834,RP11-167N5.5
ENSG00000267838,AC008746.12
ENSG00000267852,CTB-133G6.2
ENSG00000267858,AC016629.8
ENSG00000267871,CTC-444N24.6
ENSG00000267892,CTD-2540F13.2
ENSG00000267898,CTD-2639E6.9
ENSG00000267904,CTC-429P9.5
ENSG00000267927,CTD-2525I3.2
ENSG00000267934,CTB-176F20.3
ENSG00000267940,RP11-290F24.6
ENSG00000267943,CTD-2620I22.3
ENSG00000267980,AC007292.6
ENSG00000267992,CTB-189B5.3
ENSG00000268001,CTC-241F20.3
ENSG00000268006,PTOV1-AS1
ENSG00000268027,AC006129.2
ENSG00000268030,AC005253.2
ENSG00000268034,AC005795.1
ENSG00000268049,CTD-2619J13.9
ENSG00000268051,CTC-244M17.1
ENSG00000268061,NAPA-AS1
ENSG00000268066,FMR1-AS1
ENSG00000268069,AC004466.1
ENSG00000268088,AC093063.2
ENSG00000268117,VN1R84P
ENSG00000268129,RP11-91G21.1
ENSG00000268154,AL591806.1
ENSG00000268163,AC004076.9
ENSG00000268170,AC073342.1
ENSG00000268182,SMIM17
ENSG00000268189,AC005785.2
ENSG00000268201,CTD-3138B18.6
ENSG00000268204,CTD-3214H19.6
ENSG00000268205,CTC-444N24.11
ENSG00000268218,AC137932.1
ENSG00000268220,RP11-379K17.12
ENSG00000268222,EEF1A1P7
ENSG00000268225,CTD-2331H12.5
ENSG00000268230,CTD-2619J13.8
ENSG00000268257,AIRN
ENSG00000268262,CTC-246B18.8
ENSG00000268266,AC003005.2
ENSG00000268272,VN1R78P
ENSG00000268279,RP11-434D12.1
ENSG00000268288,RP11-98D18.16
ENSG00000268316,AC006272.2
ENSG00000268324,LUZPP1
ENSG00000268333,RP4-806M20.3
ENSG00000268355,AC006129.1
ENSG00000268357,VN1R81P
ENSG00000268362,CTD-2017D11.1
ENSG00000268364,SMC5-AS1
ENSG00000268379,CTC-360J11.4
ENSG00000268400,CTD-3214H19.4
ENSG00000268401,CTC-344H19.4
ENSG00000268403,AC132192.1
ENSG00000268423,AC011551.3
ENSG00000268471,MIR4453
ENSG00000268472,AP002884.2
ENSG00000268499,CTB-102L5.8
ENSG00000268509,AC026202.1
ENSG00000268516,CTD-3138B18.5
ENSG00000268520,CTD-2616J11.10
ENSG00000268521,VN1R83P
ENSG00000268543,CTD-2619J13.16
ENSG00000268565,AC005339.2
ENSG00000268573,RP11-158H5.7
ENSG00000268575,RP1-283E3.8
ENSG00000268584,RP11-464F9.20
ENSG00000268598,VN1R80P
ENSG00000268603,RP11-316O14.1
ENSG00000268635,DKFZP434E1119
ENSG00000268649,MIR296
ENSG00000268652,CTD-3187F8.7
ENSG00000268655,CTB-60B18.10
ENSG00000268658,LINC00664
ENSG00000268659,RP11-310J24.3
ENSG00000268670,CTD-2622I13.3
ENSG00000268683,CTD-2553L13.4
ENSG00000268686,AC010524.2
ENSG00000268707,RP11-247A12.7
ENSG00000268713,CTC-444N24.8
ENSG00000268744,CTD-3105H18.14
ENSG00000268750,CTD-2583A14.10
ENSG00000268751,SCGB1B2P
ENSG00000268758,EMR4P
ENSG00000268785,RPL7P50
ENSG00000268798,AC027307.3
ENSG00000268836,LA16c-OS12.2
ENSG00000268849,SIGLEC22P
ENSG00000268858,C20ORF135
ENSG00000268861,CTD-2207O23.3
ENSG00000268889,CTD-2616J11.14
ENSG00000268894,PLCE1-AS1
ENSG00000268895,A1BG-AS1
ENSG00000268903,RP11-34P13.15
ENSG00000268912,CTD-2619J13.17
ENSG00000268941,MGC4294
ENSG00000268945,CTD-2192J16.26
ENSG00000268947,AD000684.2
ENSG00000268955,LRLE1
ENSG00000268970,CTD-3099C6.11
ENSG00000268987,CTC-435M10.10
ENSG00000268996,AL807752.1
ENSG00000269001,ZNF818P
ENSG00000269019,AC005932.1
ENSG00000269028,MTRNR2L12
ENSG00000269038,AP001462.6
ENSG00000269044,CTC-429P9.3
ENSG00000269053,CTD-2521M24.8
ENSG00000269054,CTD-2619J13.3
ENSG00000269069,CTC-471F3.5
ENSG00000269097,AC003682.17
ENSG00000269106,CTD-2619J13.23
ENSG00000269176,RP11-727F15.12
ENSG00000269189,RP11-573N10.1
ENSG00000269194,AC006942.4
ENSG00000269220,LINC00528
ENSG00000269226,TMSB15B
ENSG00000269243,CTD-2231E14.8
ENSG00000269275,CTD-2105E13.15
ENSG00000269293,ZSCAN16-AS1
ENSG00000269296,AC005614.3
ENSG00000269318,AC007292.3
ENSG00000269352,AC018766.5
ENSG00000269374,CTB-50E14.5
ENSG00000269378,ITGB1P1
ENSG00000269386,RAB11B-AS1
ENSG00000269388,AC018755.16
ENSG00000269392,CTB-191K22.6
ENSG00000269397,CTB-92J24.2
ENSG00000269399,CTD-3222D19.7
ENSG00000269421,ZNF92P3
ENSG00000269427,CTC-429P9.1
ENSG00000269439,CTD-3131K8.2
ENSG00000269444,CTB-180A7.6
ENSG00000269463,RP11-727F15.13
ENSG00000269473,CTD-2619J13.19
ENSG00000269476,CTD-2583A14.9
ENSG00000269482,Z69720.2
ENSG00000269486,CTC-360G5.9
ENSG00000269489,RP11-98D18.17
ENSG00000269514,DKFZP779L1853
ENSG00000269524,CTB-83J4.1
ENSG00000269533,AC003002.6
ENSG00000269534,CTC-453G23.5
ENSG00000269546,CTD-2396E7.8
ENSG00000269553,U62631.5
ENSG00000269559,AC093677.1
ENSG00000269560,CTD-2192J16.21
ENSG00000269570,AP001350.1
ENSG00000269578,CTD-3222D19.5
ENSG00000269590,CTD-2192J16.24
ENSG00000269600,AC016629.3
ENSG00000269604,AC005523.2
ENSG00000269609,RP11-18I14.10
ENSG00000269653,CTB-102L5.7
ENSG00000269680,CTD-3128G10.6
ENSG00000269688,AC008982.2
ENSG00000269693,CTD-2192J16.20
ENSG00000269720,CTD-2521M24.5
ENSG00000269749,AC005614.5
ENSG00000269761,RP11-1137G4.4
ENSG00000269794,AC010642.2
ENSG00000269800,PLEKHA3P1
ENSG00000269814,CTC-273B12.10
ENSG00000269815,CTD-2278I10.4
ENSG00000269821,KCNQ1OT1
ENSG00000269825,CTD-3099C6.9
ENSG00000269834,CTD-3018O17.3
ENSG00000269837,RP11-15H20.5
ENSG00000269846,RBL1
ENSG00000269855,AC012313.1
ENSG00000269859,CTD-2537I9.16
ENSG00000269867,CTD-2583A14.8
ENSG00000269873,CTD-2587H19.3
ENSG00000269889,RP11-816J6.3
ENSG00000269891,ARHGAP19-SLIT1
ENSG00000269892,RP4-761J14.10
ENSG00000269893,SNHG8
ENSG00000269894,RP11-1020A11.1
ENSG00000269896,RP4-740C4.6
ENSG00000269899,RP11-589N15.2
ENSG00000269900,RMRP
ENSG00000269902,RP6-99M1.3
ENSG00000269903,RP11-571M6.18
ENSG00000269904,MAP2K4P1
ENSG00000269906,RP11-248J18.2
ENSG00000269910,RP11-73M18.10
ENSG00000269911,FAM226B
ENSG00000269918,AF131215.9
ENSG00000269919,RP1-134E15.3
ENSG00000269921,RP11-646I6.5
ENSG00000269924,RP11-697N18.4
ENSG00000269925,RP3-467L1.6
ENSG00000269926,RP11-442H21.2
ENSG00000269927,RP6-91H8.3
ENSG00000269929,RP11-2B6.2
ENSG00000269930,RP11-932O9.9
ENSG00000269931,RP5-1069C8.3
ENSG00000269934,RP5-1139B12.3
ENSG00000269937,RP11-20I23.8
ENSG00000269938,RP11-214K3.20
ENSG00000269939,RP11-727A23.11
ENSG00000269940,RP11-73M18.7
ENSG00000269944,RP11-770J1.7
ENSG00000269947,RP11-849F2.9
ENSG00000269949,RP11-738E22.3
ENSG00000269951,RP11-797A18.6
ENSG00000269952,RP11-324I22.3
ENSG00000269954,RP11-148O21.6
ENSG00000269958,RP11-73M18.8
ENSG00000269959,SPACA6P-AS
ENSG00000269961,CTD-2033C11.1
ENSG00000269967,RP11-84A19.4
ENSG00000269973,RP11-95D17.1
ENSG00000269974,RP11-932O9.10
ENSG00000269976,RP11-130L8.2
ENSG00000269982,RP11-1020A11.2
ENSG00000269983,RP11-497H16.9
ENSG00000269984,RP11-362K14.5
ENSG00000269997,RP11-214K3.21
ENSG00000270000,RP3-449M8.9
ENSG00000270001,RP11-218C14.8
ENSG00000270006,RP11-178L8.7
ENSG00000270012,LL0XNC01-7P3.1
ENSG00000270015,RP11-540B6.6
ENSG00000270016,RP11-932O9.8
ENSG00000270019,RP11-141B14.1
ENSG00000270020,RP11-463O9.9
ENSG00000270021,CTC-203F4.2
ENSG00000270022,RNU12
ENSG00000270025,BMS1P7
ENSG00000270030,RP11-326C3.13
ENSG00000270031,RP3-426I6.6
ENSG00000270039,RP11-571M6.17
ENSG00000270040,RP11-416A14.1
ENSG00000270049,RP11-297D21.4
ENSG00000270055,CTD-3092A11.2
ENSG00000270059,RP11-88H12.2
ENSG00000270060,RP11-390K5.6
ENSG00000270061,RP11-214K3.19
ENSG00000270062,RP11-248J18.3
ENSG00000270066,SCARNA2
ENSG00000270069,RP6-99M1.2
ENSG00000270072,RP11-750H9.7
ENSG00000270074,LINC00965
ENSG00000270076,AF131215.8
ENSG00000270083,RP1-257I20.14
ENSG00000270084,GAS5-AS1
ENSG00000270090,RP11-529E10.7
ENSG00000270091,RP11-78O7.2
ENSG00000270095,RP11-214K3.18
ENSG00000270096,RP11-362K14.6
ENSG00000270099,RP11-248J23.7
ENSG00000270100,RP11-130L8.1
ENSG00000270104,RP11-245P10.6
ENSG00000270106,TSNAX-DISC1
ENSG00000270108,RP11-73M18.6
ENSG00000270115,RP11-415J8.7
ENSG00000270116,AP001429.1
ENSG00000270117,AP000769.7
ENSG00000270120,RP11-327F22.6
ENSG00000270127,RP11-526I2.5
ENSG00000270130,RP11-214K3.23
ENSG00000270135,RP11-362K14.7
ENSG00000270137,CTC-137K3.1
ENSG00000270140,RP5-1021I20.6
ENSG00000270141,TERC
ENSG00000270147,RP11-646I6.6
ENSG00000270149,RP11-544M22.13
ENSG00000270154,RP11-419I17.1
ENSG00000270157,RP5-894A10.6
ENSG00000270164,AC006129.4
ENSG00000270165,RP11-167P11.2
ENSG00000270175,RP11-793H13.11
ENSG00000270177,CTD-2410N18.3
ENSG00000270178,RP11-494H4.3
ENSG00000270179,RP11-159N11.4
ENSG00000270194,RP11-259K5.2
ENSG00000270195,RP11-572O17.1
ENSG00000270248,CTC-471J1.10
ENSG00000270249,RP11-514P8.7
ENSG00000270265,RP11-731D1.4
ENSG00000270273,RP11-242C24.3
ENSG00000270277,RP11-65L3.2
ENSG00000270287,RP11-118H4.3
ENSG00000270300,PHACTR2P1
ENSG00000270332,RP11-82L2.1
ENSG00000270344,RP11-734K2.4
ENSG00000270361,RP11-307C12.13
ENSG00000270362,HMGN3-AS1
ENSG00000270367,RP11-331G2.6
ENSG00000270392,AC241952.1
ENSG00000270393,AC000095.9
ENSG00000270419,CAHM
ENSG00000270423,RP11-361A21.3
ENSG00000270426,RP11-326I11.5
ENSG00000270429,KNOP1P2
ENSG00000270432,OR7E108P
ENSG00000270433,RP11-124D2.7
ENSG00000270437,RP11-511I11.2
ENSG00000270441,RP11-694I15.7
ENSG00000270442,CTB-95D12.1
ENSG00000270482,RP11-131L12.2
ENSG00000270503,RP11-407N17.6
ENSG00000270504,RP11-420L9.5
ENSG00000270505,IGHV1OR15-1
ENSG00000270523,RP11-145P16.3
ENSG00000270532,PEBP1P2
ENSG00000270558,CTD-2124B8.2
ENSG00000270569,RP11-127H13.1
ENSG00000270571,RP11-355F16.1
ENSG00000270574,RP11-171I2.2
ENSG00000270577,RP5-1147A1.1
ENSG00000270578,RP11-712B9.5
ENSG00000270580,RP11-1186N24.5
ENSG00000270589,RP11-348N5.7
ENSG00000270605,RP5-1092A3.4
ENSG00000270610,RP11-486O13.3
ENSG00000270638,RP3-466P17.1
ENSG00000270641,TSIX
ENSG00000270659,RP11-105N14.1
ENSG00000270673,YTHDF3-AS1
ENSG00000270681,RP11-372K14.2
ENSG00000270689,RP11-712B9.4
ENSG00000270696,RP11-342K6.1
ENSG00000270704,SNORD64
ENSG00000270708,RP11-568G11.5
ENSG00000270712,RP11-378I6.2
ENSG00000270720,RP11-84C13.2
ENSG00000270726,AJ271736.10
ENSG00000270739,RP11-608O8.2
ENSG00000270761,RP11-385F7.1
ENSG00000270791,DPRXP6
ENSG00000270802,AC005776.1
ENSG00000270804,CTD-2583A14.11
ENSG00000270808,RP11-574K11.27
ENSG00000270812,CTA-326K9.1
ENSG00000270813,NANOGNBP3
ENSG00000270820,RP11-355B11.2
ENSG00000270823,hsa-mir-335
ENSG00000270829,AC015849.12
ENSG00000270850,RP11-395N6.4
ENSG00000270863,RP11-434C1.3
ENSG00000270872,SRGAP2D
ENSG00000270878,CTD-2302E22.5
ENSG00000270883,RP11-461L13.5
ENSG00000270890,RP3-468K18.6
ENSG00000270894,AC015849.13
ENSG00000270898,ASB3
ENSG00000270923,TAS2R6
ENSG00000270933,CTD-2227E11.1
ENSG00000270948,RP11-460N20.7
ENSG00000270951,RP1-309F20.4
ENSG00000270953,RP11-2E11.9
ENSG00000270956,RP11-65L3.4
ENSG00000270964,RP11-502I4.3
ENSG00000270972,RP11-326C3.15
ENSG00000270977,AC015849.16
ENSG00000270978,RP11-54C4.2
ENSG00000270996,RP11-342K6.4
ENSG00000270997,RP11-703P11.1
ENSG00000271002,RP11-599B13.8
ENSG00000271009,RP11-346C20.3
ENSG00000271011,RP11-171I2.5
ENSG00000271013,LRRC37A9P
ENSG00000271021,RP5-878I13.2
ENSG00000271022,RP11-142I2.1
ENSG00000271034,RP11-963H1.1
ENSG00000271040,RP5-933K21.3
ENSG00000271074,RP11-212J19.1
ENSG00000271086,NAMA
ENSG00000271105,SCML2P2
ENSG00000271114,RP11-453D21.1
ENSG00000271119,CTD-2012J19.3
ENSG00000271122,RP11-379H18.1
ENSG00000271127,LL22NC03-N64E9.1
ENSG00000271133,CTA-293F17.1
ENSG00000271136,RP11-320J16.1
ENSG00000271138,IGLVIVOR22-1
ENSG00000271141,RP11-171I2.4
ENSG00000271142,YWHAQP7
ENSG00000271147,RP4-769N13.6
ENSG00000271151,RP11-394I13.2
ENSG00000271155,RP11-435O5.5
ENSG00000271172,RP11-660M5.1
ENSG00000271179,RP11-629P16.1
ENSG00000271198,VDAC3P1
ENSG00000271200,RP11-430G17.3
ENSG00000271204,RP11-138A9.1
ENSG00000271216,LINC01050
ENSG00000271225,RP11-460N11.3
ENSG00000271231,KRT18P9
ENSG00000271243,RP11-355B11.1
ENSG00000271254,NBPF10
ENSG00000271265,RP11-230C9.4
ENSG00000271268,AC015849.14
ENSG00000271270,TMCC1-AS1
ENSG00000271277,RP11-82O2.2
ENSG00000271286,LL0XNC01-39B3.1
ENSG00000271335,RP11-324I22.4
ENSG00000271337,NDE1P2
ENSG00000271344,RP11-274B21.9
ENSG00000271347,RP11-701H24.7
ENSG00000271360,RP11-138I18.1
ENSG00000271361,HTATSF1P2
ENSG00000271373,NANOGP3
ENSG00000271377,RP11-33I11.3
ENSG00000271380,RP11-307C12.12
ENSG00000271382,RP11-1060G2.2
ENSG00000271384,RP11-435O5.7
ENSG00000271387,RP11-382D12.2
ENSG00000271401,RP11-171I2.3
ENSG00000271409,RP11-432J9.3
ENSG00000271410,RP11-506H20.2
ENSG00000271414,RP11-751K21.1
ENSG00000271426,RP4-718P11.1
ENSG00000271427,RP11-188D8.1
ENSG00000271452,RP11-342K6.2
ENSG00000271474,RP11-710C12.1
ENSG00000271486,AP000403.3
ENSG00000271533,RP3-368A4.6
ENSG00000271538,RP11-326I11.4
ENSG00000271551,RP11-230C9.2
ENSG00000271553,RP11-274B21.10
ENSG00000271554,RP4-665N4.8
ENSG00000271576,RP11-486G15.2
ENSG00000271581,XXbac-BPG248L24.12
ENSG00000271583,RP11-638D14.1
ENSG00000271590,RP11-181E10.3
ENSG00000271614,LINC00936
ENSG00000271615,CTD-2026C7.1
ENSG00000271635,RP11-68E19.1
ENSG00000271643,RP11-10C24.3
ENSG00000271646,RP11-326I11.3
ENSG00000271659,RP11-435O5.4
ENSG00000271672,DUXAP8
ENSG00000271682,RP11-393B14.2
ENSG00000271698,GS1-393G12.13
ENSG00000271699,SNX29P2
ENSG00000271734,RP1-111B22.3
ENSG00000271737,CTB-113I20.2
ENSG00000271741,RP11-244H3.4
ENSG00000271743,CTD-2541M15.3
ENSG00000271746,RP1-202O8.3
ENSG00000271751,RP11-110I1.14
ENSG00000271752,RP11-269M20.3
ENSG00000271754,RP3-337H4.9
ENSG00000271755,RP1-153G14.4
ENSG00000271757,RP11-111M22.5
ENSG00000271761,XXbac-BPGBPG55C20.3
ENSG00000271778,RP11-379F4.8
ENSG00000271780,RP11-1017G21.5
ENSG00000271781,CTD-2589H19.6
ENSG00000271787,RP11-254F7.3
ENSG00000271788,CTD-2201E18.5
ENSG00000271789,RP5-1112D6.7
ENSG00000271795,CTC-251D13.1
ENSG00000271797,CTC-428G20.6
ENSG00000271810,RP11-426L16.10
ENSG00000271811,RP1-79C4.4
ENSG00000271815,CTD-2235C13.3
ENSG00000271816,RP11-574K11.28
ENSG00000271820,RP5-894D12.5
ENSG00000271826,RP1-93I3.1
ENSG00000271828,CTD-2310F14.1
ENSG00000271833,RP11-356B19.11
ENSG00000271843,RP11-245J9.5
ENSG00000271849,CTC-332L22.1
ENSG00000271851,RP11-565F19.2
ENSG00000271853,RP1-178F15.5
ENSG00000271855,RP11-214N9.1
ENSG00000271856,RP11-861A13.4
ENSG00000271858,XXcos-LUCA11.4
ENSG00000271860,RP11-436D23.1
ENSG00000271862,RP11-343L5.2
ENSG00000271869,RP11-51J9.5
ENSG00000271870,RP11-97C16.1
ENSG00000271871,AC005740.6
ENSG00000271880,RP11-96C23.5
ENSG00000271882,KB-1410C5.5
ENSG00000271888,RP11-560J1.2
ENSG00000271894,RP11-482H16.1
ENSG00000271895,RP4-635E18.8
ENSG00000271911,RP11-532F6.5
ENSG00000271913,RP1-111C20.4
ENSG00000271914,RP4-789D17.5
ENSG00000271918,CTD-2287O16.5
ENSG00000271933,RP11-338I21.1
ENSG00000271934,OR2AS2P
ENSG00000271936,RP11-443B20.1
ENSG00000271937,RP11-424N24.2
ENSG00000271943,RP11-222K16.1
ENSG00000271959,CTD-3064M3.7
ENSG00000271964,RP11-415F23.2
ENSG00000271966,RP11-7F18.2
ENSG00000271967,RP11-134K13.4
ENSG00000271971,CTD-2006H14.2
ENSG00000271976,RP11-884K10.7
ENSG00000271980,CTD-2256P15.4
ENSG00000271983,RP11-28H5.2
ENSG00000271984,RP3-337O18.9
ENSG00000271989,RP4-736L20.3
ENSG00000271991,RP11-79O8.1
ENSG00000271992,RP11-42O15.3
ENSG00000271993,RP11-285J16.1
ENSG00000271996,RP11-337N6.1
ENSG00000272002,RP11-557L19.1
ENSG00000272008,RP11-393I2.4
ENSG00000272009,RP1-313I6.12
ENSG00000272010,CTD-3025N20.3
ENSG00000272017,RP1-199J3.7
ENSG00000272021,AC008592.8
ENSG00000272030,RP1-178F15.4
ENSG00000272033,RP11-52A20.2
ENSG00000272037,KB-431C1.5
ENSG00000272040,CTC-366B18.4
ENSG00000272046,RP11-471M2.3
ENSG00000272054,RP11-423P10.2
ENSG00000272056,RP11-503P10.1
ENSG00000272068,RP11-284F21.9
ENSG00000272070,AC005618.6
ENSG00000272072,CTA-363E19.2
ENSG00000272076,RP11-11C20.3
ENSG00000272077,RP11-348P10.2
ENSG00000272078,RP4-734G22.3
ENSG00000272079,LA16c-380H5.5
ENSG00000272084,RP5-1126H10.2
ENSG00000272086,CTD-2186M15.3
ENSG00000272092,RP11-350N15.5
ENSG00000272094,RP4-665J23.4
ENSG00000272097,RP11-421M1.8
ENSG00000272100,RP11-155O18.6
ENSG00000272102,RP3-355L5.5
ENSG00000272103,CTD-2653M23.3
ENSG00000272106,RP11-345P4.9
ENSG00000272109,CTD-2260A17.3
ENSG00000272112,CTB-113P19.5
ENSG00000272115,GS1-393G12.14
ENSG00000272121,RP4-555D20.4
ENSG00000272123,CTD-2366F13.2
ENSG00000272129,RP11-250B2.6
ENSG00000272130,RP11-360I2.1
ENSG00000272137,RP11-177G23.2
ENSG00000272140,RP11-574K11.29
ENSG00000272141,RP11-465B22.8
ENSG00000272142,RP11-428J1.5
ENSG00000272143,FGF14-AS2
ENSG00000272144,CTD-2035E11.5
ENSG00000272145,NFYC-AS1
ENSG00000272146,RP11-755B10.4
ENSG00000272148,RP11-195B17.1
ENSG00000272150,AC239860.1
ENSG00000272153,RP1-286D6.5
ENSG00000272155,RP11-707M3.3
ENSG00000272156,RP11-477N3.1
ENSG00000272167,RP11-53A1.2
ENSG00000272168,CASC15
ENSG00000272181,RP11-245J9.6
ENSG00000272182,RP11-802O23.3
ENSG00000272183,RP11-523H20.3
ENSG00000272186,RP11-110I1.13
ENSG00000272192,CTD-2532N20.1
ENSG00000272195,RP11-156E8.1
ENSG00000272196,HIST2H2AA3
ENSG00000272202,RP11-157F20.3
ENSG00000272203,AC004775.5
ENSG00000272205,RP11-277B15.3
ENSG00000272211,RP11-347P5.1
ENSG00000272217,XXbac-BPG157A10.21
ENSG00000272219,CTB-181H17.1
ENSG00000272221,XXbac-BPG181B23.7
ENSG00000272223,RP1-20C7.6
ENSG00000272240,RP5-855D21.1
ENSG00000272247,RP11-379F4.9
ENSG00000272248,RP3-406P24.4
ENSG00000272255,CTD-3224K15.3
ENSG00000272256,RP11-489E7.4
ENSG00000272259,RP11-305P22.9
ENSG00000272263,RP11-767C1.2
ENSG00000272264,RP11-92K15.3
ENSG00000272267,RP11-375N15.2
ENSG00000272269,RP11-500C11.3
ENSG00000272277,RP1-40E16.12
ENSG00000272282,RP11-222K16.2
ENSG00000272301,RP11-111M22.4
ENSG00000272305,RP11-894J14.5
ENSG00000272308,RP11-231G3.1
ENSG00000272312,RP11-239L20.6
ENSG00000272316,XXbac-BPGBPG55C20.2
ENSG00000272320,RP11-506K6.4
ENSG00000272323,CTD-2517O10.6
ENSG00000272334,RP11-129K12.1
ENSG00000272335,RP11-53O19.3
ENSG00000272338,RP11-722E23.2
ENSG00000272341,RP1-151F17.2
ENSG00000272343,RP11-140I16.3
ENSG00000272345,RP1-30M3.5
ENSG00000272356,RP5-1112D6.8
ENSG00000272368,RP4-605O3.4
ENSG00000272369,RP11-446N19.1
ENSG00000272370,RP11-307L14.1
ENSG00000272374,RP3-329A5.8
ENSG00000272375,RP11-51J9.6
ENSG00000272379,RP1-257A7.5
ENSG00000272381,RP11-192P3.4
ENSG00000272384,RP11-44N11.2
ENSG00000272397,RP11-497D6.5
ENSG00000272402,RP1-30M3.6
ENSG00000272405,RP11-284F21.10
ENSG00000272406,RP11-185E12.2
ENSG00000272410,RP11-438J1.1
ENSG00000272416,CTD-2081C10.7
ENSG00000272417,CTD-2199O4.6
ENSG00000272419,AC241585.3
ENSG00000272420,RP4-740C4.7
ENSG00000272425,RP11-363E6.4
ENSG00000272426,RP11-108M9.6
ENSG00000272434,RP13-131K19.6
ENSG00000272444,RP11-1017G21.6
ENSG00000272446,RP1-225E12.3
ENSG00000272447,RP11-182L21.6
ENSG00000272449,RP3-395M20.12
ENSG00000272455,RP4-758J18.13
ENSG00000272456,CTD-2342N23.3
ENSG00000272459,RP11-1277A3.3
ENSG00000272462,U91328.19
ENSG00000272463,RP11-532F6.3
ENSG00000272465,RP1-136B1.1
ENSG00000272468,RP1-86C11.7
ENSG00000272469,Metazoa_SRP
ENSG00000272472,RP11-95G17.2
ENSG00000272476,RP1-191J18.66
ENSG00000272477,RP11-158G18.1
ENSG00000272478,RP1-317E23.7
ENSG00000272483,RP11-169K17.3
ENSG00000272489,RP11-182L21.5
ENSG00000272498,RP11-415F23.3
ENSG00000272501,XXbac-BPG299F13.17
ENSG00000272502,RP11-713M15.2
ENSG00000272505,RP11-981G7.6
ENSG00000272509,RP11-347C18.5
ENSG00000272512,RP11-54O7.17
ENSG00000272516,RP11-573G6.9
ENSG00000272518,RP11-26J3.3
ENSG00000272523,LINC01023
ENSG00000272525,RP11-79P5.9
ENSG00000272529,RP11-415F23.4
ENSG00000272540,XXbac-BPG252P9.9
ENSG00000272541,XXbac-BPGBPG55C20.1
ENSG00000272542,RP11-255P5.2
ENSG00000272545,CTC-527H23.4
ENSG00000272556,RP11-638I8.1
ENSG00000272562,RP11-396C23.4
ENSG00000272563,RP11-480C16.1
ENSG00000272564,RP11-548P2.2
ENSG00000272567,RP11-73K9.3
ENSG00000272569,OR5BL1P
ENSG00000272572,RP11-179B2.2
ENSG00000272573,MUSTN1
ENSG00000272574,RP11-359K18.4
ENSG00000272576,RP11-365H22.2
ENSG00000272578,AP000347.2
ENSG00000272582,RP5-1039K5.17
ENSG00000272588,RP11-440L14.4
ENSG00000272589,ZSWIM8-AS1
ENSG00000272593,RP11-339B21.11
ENSG00000272595,OR10AH1P
ENSG00000272599,RP11-152N13.16
ENSG00000272601,RP11-155G14.5
ENSG00000272604,RP11-251G23.5
ENSG00000272606,RP11-554J4.1
ENSG00000272610,MAGI1-IT1
ENSG00000272620,AFAP1-AS1
ENSG00000272625,RP11-737O24.5
ENSG00000272627,RP11-354E23.5
ENSG00000272630,RP11-344N10.5
ENSG00000272631,RP11-359E3.4
ENSG00000272638,GS1-114I9.1
ENSG00000272644,RP11-33O4.1
ENSG00000272645,RP11-504P24.8
ENSG00000272646,RP11-188P17.2
ENSG00000272647,GS1-259H13.10
ENSG00000272650,RP11-571I18.4
ENSG00000272654,RP11-422P24.11
ENSG00000272655,POLR2J4
ENSG00000272661,RP4-548D19.3
ENSG00000272662,RP11-190C22.8
ENSG00000272663,RP11-191L17.1
ENSG00000272666,CTA-384D8.35
ENSG00000272667,RP11-395A13.2
ENSG00000272668,RP11-190A12.8
ENSG00000272669,RP3-508I15.21
ENSG00000272672,RP11-302M6.5
ENSG00000272677,RP11-127B20.3
ENSG00000272681,FAM223B
ENSG00000272686,RP11-390E23.6
ENSG00000272688,RP13-270P17.3
ENSG00000272689,RP4-539M6.21
ENSG00000272690,RP11-803B1.8
ENSG00000272693,AC104057.2
ENSG00000272695,GAS6-AS2
ENSG00000272696,RP11-339B21.13
ENSG00000272699,RP11-145M9.5
ENSG00000272701,RP11-2E11.10
ENSG00000272711,RP11-259N19.1
ENSG00000272716,RP11-563N4.1
ENSG00000272719,CTB-161C1.1
ENSG00000272720,CTA-228A9.3
ENSG00000272732,RP5-1159O4.2
ENSG00000272734,ADIRF-AS1
ENSG00000272735,RP11-467P9.1
ENSG00000272741,RP11-447L10.1
ENSG00000272742,CTB-43P18.1
ENSG00000272744,RP11-367N14.3
ENSG00000272746,RP11-53B2.6
ENSG00000272748,RP11-222G7.2
ENSG00000272750,RP11-378J18.8
ENSG00000272752,STAG3L5P-PVRIG2P-PILRB
ENSG00000272754,AL133245.2
ENSG00000272755,RP11-326G21.1
ENSG00000272758,RP11-299J3.8
ENSG00000272760,RP11-5C23.1
ENSG00000272767,JMJD1C-AS1
ENSG00000272768,RP4-673M15.1
ENSG00000272774,RP11-433A10.3
ENSG00000272777,RP11-571L19.8
ENSG00000272779,LL22NC03-80A10.6
ENSG00000272787,KB-226F1.2
ENSG00000272791,RP11-464F9.22
ENSG00000272795,RP11-602N24.3
ENSG00000272797,RP11-368I23.3
ENSG00000272800,RP11-438L19.1
ENSG00000272807,RP11-260M2.1
ENSG00000272808,RP11-66B24.7
ENSG00000272810,U91328.22
ENSG00000272812,RP5-855D21.3
ENSG00000272821,CTA-384D8.36
ENSG00000272825,LL21NC02-1C16.2
ENSG00000272829,XXbac-B135H6.18
ENSG00000272831,RP11-792A8.4
ENSG00000272832,RP11-91K8.5
ENSG00000272834,RP5-1042K10.13
ENSG00000272841,RP3-428L16.2
ENSG00000272842,RP11-513M16.7
ENSG00000272843,RP11-313P13.5
ENSG00000272844,RP11-484K9.4
ENSG00000272848,RP1-137D17.2
ENSG00000272853,RP11-398C13.6
ENSG00000272854,RP4-593H12.1
ENSG00000272858,CTA-292E10.8
ENSG00000272862,RP11-814H16.2
ENSG00000272864,RP11-17E13.2
ENSG00000272866,RP11-12D24.10
ENSG00000272870,RP11-798M19.6
ENSG00000272871,RP11-408A13.4
ENSG00000272872,LL22NC03-N14H11.1
ENSG00000272884,RP11-104H15.10
ENSG00000272885,RP11-2H3.6
ENSG00000272887,CSPG4P5
ENSG00000272888,AC013394.2
ENSG00000272892,RP11-57G10.8
ENSG00000272894,RP5-1159O4.1
ENSG00000272896,RP11-216L13.17
ENSG00000272899,RP11-309L24.9
ENSG00000272902,RP11-299H21.1
ENSG00000272905,RP11-265E18.1
ENSG00000272906,RP11-533E19.7
ENSG00000272908,RP11-121A8.1
ENSG00000272909,CTD-2555O16.4
ENSG00000272910,RP11-15L13.4
ENSG00000272912,RP11-724N1.1
ENSG00000272913,RP11-440D17.3
ENSG00000272914,RP11-330O11.3
ENSG00000272916,RP11-574K11.31
ENSG00000272918,CTB-152G17.6
ENSG00000272931,RP5-943J3.2
ENSG00000272933,RP11-47A8.5
ENSG00000272936,RP11-700J17.2
ENSG00000272940,CTA-384D8.33
ENSG00000272941,RP11-134L10.1
ENSG00000272942,CTA-246H3.12
ENSG00000272945,CTD-3216D2.5
ENSG00000272948,AP001412.1
ENSG00000272950,RP11-307C18.1
ENSG00000272953,RP11-1275H24.2
ENSG00000272954,KB-1440D3.13
ENSG00000272963,OR7A19P
ENSG00000272966,RP11-686O6.1
ENSG00000272967,RP11-190C22.9
ENSG00000272969,RP11-528I4.2
ENSG00000272973,KB-1125A3.11
ENSG00000272977,CTA-390C10.10
ENSG00000272979,RP11-647K16.1
ENSG00000272980,RP11-517H2.6
ENSG00000272983,RP11-508N22.12
ENSG00000272984,RP11-85E16.1
ENSG00000272986,RP11-46J23.1
ENSG00000272989,RP13-616I3.1
ENSG00000272990,RP11-305K5.1
ENSG00000272991,AF129408.17
ENSG00000272994,RP11-332H14.2
ENSG00000272995,RP11-362J17.1
ENSG00000273000,KB-1572G7.2
ENSG00000273001,RP11-118K6.3
ENSG00000273002,RP11-336K24.12
ENSG00000273003,RP11-399J13.3
ENSG00000273004,GS1-279B7.2
ENSG00000273007,RP11-170N16.3
ENSG00000273008,RP11-351D16.3
ENSG00000273010,RP11-96K19.5
ENSG00000273011,RP11-728K20.3
ENSG00000273014,RP11-225B17.2
ENSG00000273015,LINC00938
ENSG00000273017,AP000240.9
ENSG00000273018,CTD-2303H24.2
ENSG00000273026,RP11-422P24.10
ENSG00000273027,LL21NC02-1C16.1
ENSG00000273032,DGCR9
ENSG00000273033,RP11-67L2.2
ENSG00000273035,RP11-449G16.1
ENSG00000273038,RP11-479G22.8
ENSG00000273041,ATF4P2
ENSG00000273044,RP4-569D19.8
ENSG00000273045,C2ORF15
ENSG00000273055,CTB-13F3.1
ENSG00000273056,RP11-77E14.2
ENSG00000273058,RP11-385F5.5
ENSG00000273059,XXyac-YX155B6.7
ENSG00000273061,RP11-6J24.6
ENSG00000273064,RP11-474G23.3
ENSG00000273066,RP11-216L13.19
ENSG00000273080,RP11-301O19.1
ENSG00000273090,RP11-78I14.1
ENSG00000273091,AP000255.6
ENSG00000273093,RP11-532L16.3
ENSG00000273104,CMP21-97G8.1
ENSG00000273106,RP11-559M23.1
ENSG00000273117,AC144652.1
ENSG00000273124,RP11-236B18.5
ENSG00000273133,RP11-799M12.2
ENSG00000273138,GS1-293C5.1
ENSG00000273139,XXbac-B444P24.14
ENSG00000273141,RP11-820I16.4
ENSG00000273142,RP11-458F8.4
ENSG00000273145,CITF22-92A6.1
ENSG00000273148,RP5-1068E13.7
ENSG00000273151,RP11-449P15.2
ENSG00000273153,RP11-406H21.2
ENSG00000273154,RP4-583P15.15
ENSG00000273155,MRPL30
ENSG00000273156,RP11-127B20.2
ENSG00000273162,RP11-108L7.15
ENSG00000273165,RP11-1057B6.1
ENSG00000273167,RP11-307N16.6
ENSG00000273175,RP11-11N7.4
ENSG00000273177,RP11-368I23.4
ENSG00000273179,RP11-20I20.4
ENSG00000273181,RP11-778D9.13
ENSG00000273183,RP11-5C23.2
ENSG00000273186,RP11-339B21.10
ENSG00000273188,RP3-402G11.25
ENSG00000273189,CTD-3148I10.15
ENSG00000273192,CITF22-1A6.3
ENSG00000273198,GS1-304P7.3
ENSG00000273199,AP000692.10
ENSG00000273203,AC006946.16
ENSG00000273204,RP4-549L20.3
ENSG00000273209,RP11-107N15.1
ENSG00000273210,AP001437.1
ENSG00000273211,RP13-131K19.7
ENSG00000273216,AC002059.10
ENSG00000273218,LLNLR-246C6.1
ENSG00000273219,RP11-644N4.1
ENSG00000273221,RP5-1180E21.5
ENSG00000273226,RP11-513M16.8
ENSG00000273230,RP11-1246C19.1
ENSG00000273232,RP11-370A5.2
ENSG00000273233,RP11-713D19.1
ENSG00000273240,RP11-455J20.3
ENSG00000273243,CTA-217C2.2
ENSG00000273245,RP11-434P11.2
ENSG00000273247,RP11-83A24.2
ENSG00000273249,LL09NC01-251B2.3
ENSG00000273253,RP3-402G11.26
ENSG00000273254,RP1-100J12.1
ENSG00000273261,RP11-531F16.4
ENSG00000273262,RP11-18I14.11
ENSG00000273269,RP11-761B3.1
ENSG00000273270,RP11-212P7.2
ENSG00000273271,AP000254.8
ENSG00000273272,CTA-384D8.34
ENSG00000273275,RP11-474G23.2
ENSG00000273284,RP11-888D10.4
ENSG00000273295,AP000350.5
ENSG00000273297,RP11-38M8.1
ENSG00000273300,AC000068.9
ENSG00000273302,RP11-493E12.2
ENSG00000273305,RP11-440D17.4
ENSG00000273306,RP11-527J8.1
ENSG00000273311,DGCR11
ENSG00000273314,RP5-1136G13.2
ENSG00000273319,RP11-138A9.2
ENSG00000273320,RP11-22N19.2
ENSG00000273328,RP11-141M3.5
ENSG00000273329,RP11-448A19.1
ENSG00000273331,TM4SF19
ENSG00000273335,RP11-61L19.2
ENSG00000273336,OR7M1P
ENSG00000273340,MICE
ENSG00000273343,XXbac-B444P24.13
ENSG00000273344,PAXIP1-AS1
ENSG00000273345,CTD-2410N18.4
ENSG00000273353,CTA-268H5.12
ENSG00000273355,RP11-672L10.6
ENSG00000273356,RP11-804H8.6
ENSG00000273361,RP11-378A13.2
ENSG00000273363,RP11-285G1.14
ENSG00000273365,RP11-466F5.10
ENSG00000273366,CTA-989H11.1
ENSG00000273367,RP5-827C21.6
ENSG00000273368,RP11-376P6.3
ENSG00000273369,RP11-700J17.1
ENSG00000273372,RP11-479O17.10
ENSG00000273373,RP5-1074L1.4
ENSG00000273374,RP11-383I23.2
ENSG00000273375,RP11-803P9.1
ENSG00000273377,OR2Q1P
ENSG00000273381,RP11-305L7.7
ENSG00000273382,RP5-1065J22.8
ENSG00000273384,RP5-1098D14.1
ENSG00000273387,RP3-412A9.16
ENSG00000273391,RP11-634H22.1
ENSG00000273394,RP11-255E6.6
ENSG00000273398,RP11-474G23.1
ENSG00000273399,RP11-408A13.3
ENSG00000273402,RP5-855D21.2
ENSG00000273403,RP11-329B9.3
ENSG00000273407,RP11-757A13.1
ENSG00000273416,RP4-597N16.4
ENSG00000273419,RP4-751H13.7
ENSG00000273420,CTD-2540B15.13
ENSG00000273424,CTA-223H9.9
ENSG00000273428,RP4-539M6.22
ENSG00000273432,RP5-1165K10.2
ENSG00000273437,RP11-434H6.7
ENSG00000273442,AC006946.17
ENSG00000273443,RP11-54O7.18
ENSG00000273447,AC004067.5
ENSG00000273448,RP11-166O4.6
ENSG00000273449,RP11-218F10.3
ENSG00000273450,RP11-76P2.4
ENSG00000273451,RP4-569M23.4
ENSG00000273454,RP11-797D24.3
ENSG00000273456,RP11-686O6.2
ENSG00000273464,RP11-313P22.1
ENSG00000273466,RP11-548H3.1
ENSG00000273472,RP11-102N12.3
ENSG00000273473,LL09NC01-139C3.1
ENSG00000273474,RP11-295P9.12
ENSG00000273476,RP11-108L7.14
ENSG00000273483,RP4-671G15.2
ENSG00000273485,RP11-225H22.7
ENSG00000273486,RP11-731C17.2
ENSG00000273489,RP11-180C16.1
ENSG00000273496,AC011841.1
ENSG00000273521,AL162274.1
ENSG00000273541,DLEU1_2
ENSG00000273553,AC016597.2
ENSG00000273573,Metazoa_SRP
ENSG00000273576,AC009283.1
ENSG00000273580,AC087072.2
ENSG00000273584,AC096708.4
ENSG00000273590,SMIM11B
ENSG00000273597,AL355377.1
ENSG00000273598,PMS2P10
ENSG00000273599,AL731571.1
ENSG00000273618,AL135999.2
ENSG00000273619,RPS21-DT
ENSG00000273654,AC020904.2
ENSG00000273659,AC108125.1
ENSG00000273674,AC021752.1
ENSG00000273679,AC100757.1
ENSG00000273680,AC009318.2
ENSG00000273691,AC087284.1
ENSG00000273702,AC091271.1
ENSG00000273711,AC005520.5
ENSG00000273723,SUGT1-DT
ENSG00000273729,AC007686.3
ENSG00000273733,AC011472.4
ENSG00000273734,AC005258.1
ENSG00000273747,AC022558.3
ENSG00000273748,AL592183.1
ENSG00000273759,AL117379.1
ENSG00000273763,AC007318.2
ENSG00000273765,AC024257.4
ENSG00000273769,L1CAM-AS1
ENSG00000273771,AC024337.2
ENSG00000273783,GTF2A1-AS1
ENSG00000273784,AL137058.2
ENSG00000273786,AC020658.4
ENSG00000273792,AC022898.2
ENSG00000273797,AL133445.2
ENSG00000273824,AC008033.3
ENSG00000273837,AC018755.4
ENSG00000273888,FRMD6-AS1
ENSG00000273891,AL731566.1
ENSG00000273893,AL133520.1
ENSG00000273897,PMS2P8
ENSG00000273901,AC012313.9
ENSG00000273920,AC103858.2
ENSG00000273925,AC084757.4
ENSG00000273951,AL031667.3
ENSG00000273973,AC025162.2
ENSG00000273978,AC005066.1
ENSG00000273987,AC121761.2
ENSG00000273989,AC022079.1
ENSG00000273998,AL049794.1
ENSG00000274002,AL135999.3
ENSG00000274008,Metazoa_SRP
ENSG00000274010,ZFP91P1
ENSG00000274012,RN7SL2
ENSG00000274015,AL136038.5
ENSG00000274017,Metazoa_SRP
ENSG00000274020,LINC01138
ENSG00000274023,AL360169.2
ENSG00000274026,FAM27E3
ENSG00000274029,AC069209.1
ENSG00000274031,AC092140.2
ENSG00000274038,AC007014.2
ENSG00000274092,AC106739.1
ENSG00000274093,AC009032.1
ENSG00000274100,AL627230.1
ENSG00000274104,AC020910.4
ENSG00000274105,AC084824.3
ENSG00000274114,ALOX15P1
ENSG00000274124,AC074029.3
ENSG00000274156,AC008121.2
ENSG00000274159,AL133243.1
ENSG00000274173,LINC02967
ENSG00000274184,AC011815.2
ENSG00000274191,AC026333.4
ENSG00000274198,AC025521.1
ENSG00000274204,AL138689.1
ENSG00000274213,AC015912.3
ENSG00000274215,AC106028.4
ENSG00000274220,AC009163.7
ENSG00000274227,AC073575.2
ENSG00000274248,AJ011932.1
ENSG00000274251,AP003419.3
ENSG00000274253,AC138649.1
ENSG00000274259,SYNGAP1-AS1
ENSG00000274265,AC245297.3
ENSG00000274266,SNORA73A
ENSG00000274267,HIST1H3B
ENSG00000274269,AL031665.1
ENSG00000274270,AL137060.1
ENSG00000274272,AC069281.2
ENSG00000274275,AC009831.4
ENSG00000274276,CBSL
ENSG00000274281,AC022929.2
ENSG00000274292,AC084018.2
ENSG00000274294,AC015660.4
ENSG00000274297,AC009269.6
ENSG00000274303,7SK
ENSG00000274307,AC023449.2
ENSG00000274308,AC244093.1
ENSG00000274315,AC009318.3
ENSG00000274322,AL136531.2
ENSG00000274330,AL160191.3
ENSG00000274333,LINC03104
ENSG00000274340,AC032011.1
ENSG00000274341,AC005899.6
ENSG00000274354,AC105105.4
ENSG00000274363,AC087742.2
ENSG00000274364,AL110115.1
ENSG00000274372,AC239803.3
ENSG00000274374,TUBAP6
ENSG00000274376,ADAMTS7P1
ENSG00000274383,AC103691.1
ENSG00000274386,TMEM269
ENSG00000274400,AC015967.1
ENSG00000274403,AC090510.2
ENSG00000274414,AL121772.1
ENSG00000274421,AL162390.1
ENSG00000274422,AC245060.5
ENSG00000274425,AC114271.1
ENSG00000274441,AC008957.2
ENSG00000274460,AC092119.2
ENSG00000274471,AC242376.2
ENSG00000274487,NPEPPSP1
ENSG00000274492,AL121768.1
ENSG00000274505,Metazoa_SRP
ENSG00000274508,AC007336.2
ENSG00000274516,FAM74A6
ENSG00000274528,AC090970.3
ENSG00000274536,MIR223HG
ENSG00000274560,AC010205.1
ENSG00000274561,AC005332.6
ENSG00000274565,AC080038.1
ENSG00000274569,AC024884.1
ENSG00000274591,AC025031.3
ENSG00000274598,AC087893.1
ENSG00000274602,PI4KAP1
ENSG00000274605,PCCA-DT
ENSG00000274606,ST7-OT4_4
ENSG00000274615,NPEPPSP1
ENSG00000274628,CYP4F59P
ENSG00000274653,AC106782.6
ENSG00000274654,AC022467.1
ENSG00000274666,AL133370.2
ENSG00000274667,AC090517.2
ENSG00000274677,AC040169.3
ENSG00000274678,AC106886.3
ENSG00000274680,MYO5BP1
ENSG00000274695,AC108704.1
ENSG00000274698,AC099521.2
ENSG00000274712,AC005332.7
ENSG00000274717,AL049757.1
ENSG00000274723,AC079906.1
ENSG00000274737,AC004466.2
ENSG00000274742,Metazoa_SRP
ENSG00000274751,AC120498.9
ENSG00000274762,AL049777.1
ENSG00000274765,AC018926.1
ENSG00000274769,AC016747.4
ENSG00000274776,AC090241.3
ENSG00000274797,AC008121.3
ENSG00000274799,Metazoa_SRP
ENSG00000274819,RMST_7
ENSG00000274825,AL023803.2
ENSG00000274827,LINC01297
ENSG00000274828,AC068473.5
ENSG00000274885,AC087241.4
ENSG00000274893,AL136317.2
ENSG00000274897,PANO1
ENSG00000274898,AC001226.1
ENSG00000274902,AC004241.2
ENSG00000274904,AC093512.1
ENSG00000274911,AL627230.2
ENSG00000274918,AC116447.1
ENSG00000274922,AL139384.1
ENSG00000274925,ZKSCAN2-DT
ENSG00000274928,KRT89P
ENSG00000274929,AL157813.1
ENSG00000274943,AC079684.1
ENSG00000274949,AL109804.1
ENSG00000274954,AC090971.5
ENSG00000274956,UG0898H09
ENSG00000274964,AC026356.1
ENSG00000274966,AC019322.3
ENSG00000274976,AC087588.2
ENSG00000274979,AC020656.2
ENSG00000274987,AC092794.1
ENSG00000274993,AC254629.1
ENSG00000275002,ZFAND2AP2
ENSG00000275005,AL354950.1
ENSG00000275014,RN7SL166P
ENSG00000275026,GXYLT1P4
ENSG00000275029,HMGB1P24
ENSG00000275055,AC011468.5
ENSG00000275056,AC020663.3
ENSG00000275064,PDE4DIPP5
ENSG00000275084,SNORD91B
ENSG00000275091,AC022098.4
ENSG00000275092,AL031710.2
ENSG00000275097,AC024940.5
ENSG00000275106,AC025594.3
ENSG00000275119,AC244131.2
ENSG00000275120,ZSCAN2-AS1
ENSG00000275131,PDE4DIPP2
ENSG00000275144,SNX18P5
ENSG00000275160,RPL7AP45
ENSG00000275162,AC005391.1
ENSG00000275170,FRG2MP
ENSG00000275180,AC048341.3
ENSG00000275185,AC130324.3
ENSG00000275191,AC007497.1
ENSG00000275197,AC092794.2
ENSG00000275198,LINC02960
ENSG00000275202,AL161421.1
ENSG00000275210,AC245884.11
ENSG00000275216,AL161431.1
ENSG00000275223,AL121906.2
ENSG00000275236,AC009120.6
ENSG00000275294,LINC02340
ENSG00000275297,AL162731.1
ENSG00000275318,AL136981.2
ENSG00000275320,Z95327.3
ENSG00000275322,AC103746.1
ENSG00000275325,PDCD6IPP1
ENSG00000275329,AL138781.2
ENSG00000275332,AC103691.2
ENSG00000275343,AC010999.1
ENSG00000275345,AC091167.6
ENSG00000275350,AL513479.1
ENSG00000275367,AC092111.1
ENSG00000275374,GUSBP19
ENSG00000275383,AC126773.4
ENSG00000275389,AC068790.9
ENSG00000275393,AC018695.6
ENSG00000275401,AL391095.3
ENSG00000275409,AC026367.2
ENSG00000275413,AC002553.4
ENSG00000275417,AC068726.1
ENSG00000275418,LINC03110
ENSG00000275426,AC253576.2
ENSG00000275437,AL121832.3
ENSG00000275443,AC012409.2
ENSG00000275445,AC092119.3
ENSG00000275450,PTGER4P2-CDK2AP2P2
ENSG00000275454,AC105020.6
ENSG00000275457,AL117332.1
ENSG00000275464,FP565260.1
ENSG00000275465,AL449403.2
ENSG00000275467,AC083806.3
ENSG00000275468,AC004678.1
ENSG00000275481,AC025031.4
ENSG00000275484,AP003419.4
ENSG00000275485,AL512652.1
ENSG00000275491,LINC01730
ENSG00000275494,AC133552.6
ENSG00000275496,CU633906.1
ENSG00000275512,AC007998.4
ENSG00000275532,AC006449.2
ENSG00000275542,AC027601.3
ENSG00000275549,STPG3-AS1
ENSG00000275552,AC243965.2
ENSG00000275553,ELOA3CP
ENSG00000275560,AC008115.3
ENSG00000275576,AL049539.1
ENSG00000275580,AC022306.2
ENSG00000275601,AC011330.2
ENSG00000275620,FLJ16779
ENSG00000275632,AL035461.2
ENSG00000275638,AC011939.3
ENSG00000275645,AC068338.3
ENSG00000275666,KCNQ1OT1_1
ENSG00000275672,AC025580.3
ENSG00000275695,UBE2Q2P6
ENSG00000275703,U47924.3
ENSG00000275709,AC090527.3
ENSG00000275719,AC008622.2
ENSG00000275720,AC243830.2
ENSG00000275734,AC010538.1
ENSG00000275740,AC091959.3
ENSG00000275759,AC026367.3
ENSG00000275764,AC092747.4
ENSG00000275765,AC091982.4
ENSG00000275769,AC068792.1
ENSG00000275778,AC018630.6
ENSG00000275799,AP001059.2
ENSG00000275801,AL121985.3
ENSG00000275805,AC090206.1
ENSG00000275807,AC145285.7
ENSG00000275839,AC243654.2
ENSG00000275846,AL513548.3
ENSG00000275850,AC005912.2
ENSG00000275854,AC084824.4
ENSG00000275857,AC009133.4
ENSG00000275880,NAXD-AS1
ENSG00000275882,IKBKGP1
ENSG00000275888,AC132872.3
ENSG00000275894,AL021578.1
ENSG00000275895,U2AF1L5
ENSG00000275897,AC021491.4
ENSG00000275898,AC125603.4
ENSG00000275902,AC139530.3
ENSG00000275910,AC138932.5
ENSG00000275927,AC009152.1
ENSG00000275936,AC004263.2
ENSG00000275956,AC104446.1
ENSG00000275963,AC008115.4
ENSG00000275964,AL355001.2
ENSG00000275965,AC091544.8
ENSG00000275966,AC110285.6
ENSG00000275976,SPDYE11
ENSG00000275981,AC018816.2
ENSG00000275993,CU639417.2
ENSG00000275995,AC109809.1
ENSG00000276007,AC079414.3
ENSG00000276030,LINC03085
ENSG00000276058,STMN1P1
ENSG00000276063,AL391262.2
ENSG00000276071,AC074138.1
ENSG00000276077,LINC03105
ENSG00000276087,AC008073.3
ENSG00000276092,AC040896.1
ENSG00000276097,AC006538.3
ENSG00000276101,AC027601.4
ENSG00000276110,AC242988.1
ENSG00000276115,AC026356.2
ENSG00000276116,FUT8-AS1
ENSG00000276121,AC122108.2
ENSG00000276131,AC009118.2
ENSG00000276135,FAM27E2
ENSG00000276136,AC016957.2
ENSG00000276141,WHAMMP3
ENSG00000276144,AC233309.1
ENSG00000276148,AC084824.5
ENSG00000276166,AC092118.2
ENSG00000276168,RN7SL1
ENSG00000276174,AC087683.2
ENSG00000276182,AL163051.2
ENSG00000276188,AC069234.4
ENSG00000276203,ANKRD20A3P
ENSG00000276216,AC245014.3
ENSG00000276232,AC006064.5
ENSG00000276248,AL442125.1
ENSG00000276255,LINC02809
ENSG00000276256,AC011043.1
ENSG00000276259,AC009118.3
ENSG00000276261,AC009509.4
ENSG00000276272,AC024884.2
ENSG00000276278,AC048382.6
ENSG00000276282,AC022960.2
ENSG00000276291,FRG1HP
ENSG00000276302,AL021997.3
ENSG00000276308,AC078880.4
ENSG00000276317,AL357033.3
ENSG00000276334,AL133243.2
ENSG00000276337,AC105429.1
ENSG00000276384,AC016876.3
ENSG00000276390,AC004241.3
ENSG00000276400,VN1R9P
ENSG00000276408,AC025287.2
ENSG00000276417,AC092111.2
ENSG00000276418,AC036214.3
ENSG00000276445,AC005393.1
ENSG00000276449,AC004076.2
ENSG00000276471,AC105265.4
ENSG00000276476,LINC00540
ENSG00000276500,BMS1P14
ENSG00000276508,AC243830.3
ENSG00000276509,AC239799.2
ENSG00000276517,AL133243.3
ENSG00000276523,AC025287.3
ENSG00000276524,LINC03065
ENSG00000276533,AC018926.2
ENSG00000276545,PCDHGB9P
ENSG00000276550,HERC2P2
ENSG00000276564,AC130650.2
ENSG00000276568,Metazoa_SRP
ENSG00000276570,AC010327.5
ENSG00000276571,AC002550.2
ENSG00000276573,AL442067.1
ENSG00000276593,AC022306.3
ENSG00000276603,AL109614.1
ENSG00000276633,AJ011931.1
ENSG00000276645,Metazoa_SRP
ENSG00000276649,AL117335.1
ENSG00000276651,AC007950.2
ENSG00000276663,AC009090.3
ENSG00000276670,Six3os1_7
ENSG00000276672,AL161891.1
ENSG00000276691,AC004466.3
ENSG00000276692,CR769767.2
ENSG00000276698,AL136295.6
ENSG00000276704,AL442067.2
ENSG00000276710,CSPG4P10
ENSG00000276713,Metazoa_SRP
ENSG00000276715,YWHAEP7
ENSG00000276718,VAMP1-AS1
ENSG00000276724,AC123768.4
ENSG00000276727,AC137834.2
ENSG00000276728,AC142472.1
ENSG00000276744,AC105137.3
ENSG00000276757,RN7SL192P
ENSG00000276768,AL121890.2
ENSG00000276778,LINC02227
ENSG00000276791,AC092117.1
ENSG00000276795,AL391987.5
ENSG00000276805,AL133216.2
ENSG00000276809,AL138955.1
ENSG00000276814,AC004801.6
ENSG00000276823,Metazoa_SRP
ENSG00000276840,PMS2P13
ENSG00000276842,AC023510.2
ENSG00000276846,AC016590.3
ENSG00000276853,AC026124.2
ENSG00000276867,AC074050.4
ENSG00000276898,BX664730.1
ENSG00000276900,AC023157.3
ENSG00000276923,LINC03079
ENSG00000276931,AC009041.4
ENSG00000276934,AC009704.2
ENSG00000276945,AC008498.1
ENSG00000276952,AL121772.3
ENSG00000276957,AL158063.1
ENSG00000276968,AL158196.1
ENSG00000276972,AC078880.5
ENSG00000276980,AC008760.2
ENSG00000276991,MIAT_exon5_3
ENSG00000276997,AL513314.2
ENSG00000277007,AC096642.1
ENSG00000277027,RMRP
ENSG00000277039,Metazoa_SRP
ENSG00000277050,AL122125.1
ENSG00000277053,GTF2IP1
ENSG00000277067,CU634019.1
ENSG00000277072,STAG3L2
ENSG00000277087,AL121890.3
ENSG00000277112,ANKRD20A21P
ENSG00000277117,FP565260.3
ENSG00000277118,Metazoa_SRP
ENSG00000277130,AC073569.3
ENSG00000277135,AC012409.3
ENSG00000277142,LINC00235
ENSG00000277144,AC092757.3
ENSG00000277147,LINC00869
ENSG00000277151,AL138820.1
ENSG00000277159,AL139384.2
ENSG00000277170,AC012676.3
ENSG00000277173,AC004241.4
ENSG00000277182,AC006449.5
ENSG00000277198,RN7SL270P
ENSG00000277203,F8A1
ENSG00000277209,RPPH1
ENSG00000277218,AL139123.1
ENSG00000277229,AC084781.1
ENSG00000277232,GTSE1-DT
ENSG00000277245,AC084782.3
ENSG00000277246,AL157762.1
ENSG00000277247,AC083809.1
ENSG00000277253,CICP28
ENSG00000277283,RAB35-AS1
ENSG00000277287,AL109976.1
ENSG00000277288,LINC02881
ENSG00000277299,AC084876.1
ENSG00000277310,AC090246.1
ENSG00000277324,AC093462.1
ENSG00000277342,AC048344.4
ENSG00000277368,AL138966.2
ENSG00000277369,AC010654.1
ENSG00000277383,BICRA-AS2
ENSG00000277400,AC145212.2
ENSG00000277406,SEC22B4P
ENSG00000277422,REXO1L6P
ENSG00000277423,AC069234.5
ENSG00000277425,AL121890.4
ENSG00000277440,AC012676.4
ENSG00000277448,LINC02338
ENSG00000277449,CEBPB-AS1
ENSG00000277450,AC002094.4
ENSG00000277452,RN7SL473P
ENSG00000277453,AC010271.2
ENSG00000277476,AC005332.8
ENSG00000277491,AC087392.5
ENSG00000277496,SLCO4A1-AS2
ENSG00000277498,AC107081.3
ENSG00000277504,AC010536.3
ENSG00000277511,AC116407.2
ENSG00000277526,LINC03021
ENSG00000277534,AC007996.1
ENSG00000277545,AL356752.1
ENSG00000277548,AC018926.3
ENSG00000277558,AL109923.1
ENSG00000277566,AC089999.3
ENSG00000277578,Metazoa_SRP
ENSG00000277579,AC244093.3
ENSG00000277581,AL023803.3
ENSG00000277589,AC244093.4
ENSG00000277595,AC007546.1
ENSG00000277608,AL365204.3
ENSG00000277639,CHD9NB
ENSG00000277651,AL391261.4
ENSG00000277662,AL354696.1
ENSG00000277669,AC009086.2
ENSG00000277687,AL139407.1
ENSG00000277692,AL121583.1
ENSG00000277701,AC159540.2
ENSG00000277715,AC079174.2
ENSG00000277728,AC097641.3
ENSG00000277734,TRAC
ENSG00000277741,GOLGA6L17P
ENSG00000277744,AC011462.4
ENSG00000277767,AL442128.2
ENSG00000277778,PGM5P2
ENSG00000277782,AC068870.2
ENSG00000277806,AC006213.4
ENSG00000277825,AC020917.3
ENSG00000277840,AC026368.1
ENSG00000277851,LINC02391
ENSG00000277873,AC131159.2
ENSG00000277876,AC108359.1
ENSG00000277879,AL391988.1
ENSG00000277883,NLRP3P1
ENSG00000277893,SRD5A2
ENSG00000277895,AC135279.3
ENSG00000277901,AL390037.1
ENSG00000277911,AC243773.3
ENSG00000277925,Telomerase-vert
ENSG00000277938,AL035252.3
ENSG00000277945,AC107308.1
ENSG00000277950,Metazoa_SRP
ENSG00000277957,SENP3-EIF4A1
ENSG00000277958,Metazoa_SRP
ENSG00000277969,AC006449.6
ENSG00000277991,FP236241.1
ENSG00000277997,AC079779.4
ENSG00000277999,AC009093.6
ENSG00000278000,AC139100.2
ENSG00000278001,AL591926.6
ENSG00000278002,AL627171.1
ENSG00000278017,AC064801.1
ENSG00000278022,AC118658.2
ENSG00000278041,AL133325.3
ENSG00000278052,AC104985.2
ENSG00000278066,AC023491.1
ENSG00000278075,AC114341.1
ENSG00000278090,LUNAR1
ENSG00000278095,AC022509.4
ENSG00000278107,AC027575.4
ENSG00000278112,AC145423.3
ENSG00000278126,AC139768.1
ENSG00000278133,AC135050.6
ENSG00000278153,AL121782.1
ENSG00000278156,TSC22D1-AS1
ENSG00000278158,AP001059.3
ENSG00000278175,GLIDR
ENSG00000278198,AC011043.2
ENSG00000278202,GOLGA6L9-AS1
ENSG00000278206,AL031320.2
ENSG00000278231,AL133342.1
ENSG00000278238,CKAP2-DT
ENSG00000278249,SCARNA2
ENSG00000278250,Metazoa_SRP
ENSG00000278272,HIST1H3C
ENSG00000278291,AL161772.1
ENSG00000278330,AC018529.2
ENSG00000278338,VWA8-AS1
ENSG00000278341,AC138028.6
ENSG00000278344,AC063943.3
ENSG00000278351,AC009248.2
ENSG00000278356,AC005911.1
ENSG00000278367,AL356652.1
ENSG00000278376,AP004609.3
ENSG00000278383,AL031673.1
ENSG00000278384,AL354822.1
ENSG00000278385,AC121338.2
ENSG00000278389,AC099518.6
ENSG00000278390,KBTBD6-DT
ENSG00000278396,AL122023.1
ENSG00000278399,AC026120.1
ENSG00000278416,PMS2P2
ENSG00000278434,AC023830.3
ENSG00000278462,AL359880.1
ENSG00000278467,AC138393.3
ENSG00000278472,AC009268.2
ENSG00000278475,AC009464.1
ENSG00000278480,ZBTB2P1
ENSG00000278493,AC039056.2
ENSG00000278514,AC068831.8
ENSG00000278573,AC007325.3
ENSG00000278576,AL162171.3
ENSG00000278590,RN7SL113P
ENSG00000278600,AC015871.3
ENSG00000278601,AL158163.2
ENSG00000278611,ZNF426-DT
ENSG00000278621,THBS1-AS1
ENSG00000278626,AC023310.4
ENSG00000278627,AC005962.2
ENSG00000278668,AC005899.7
ENSG00000278673,AC136352.5
ENSG00000278700,Metazoa_SRP
ENSG00000278704,BX004987.1
ENSG00000278709,NKILA
ENSG00000278716,AC133540.1
ENSG00000278719,MCM8-AS1
ENSG00000278727,AC000403.1
ENSG00000278730,AC005332.9
ENSG00000278733,AC022079.2
ENSG00000278740,AC005332.10
ENSG00000278743,AC087239.1
ENSG00000278746,RN7SL660P
ENSG00000278765,AC004477.3
ENSG00000278768,BACE1-AS
ENSG00000278769,AC090510.3
ENSG00000278770,Metazoa_SRP
ENSG00000278771,RN7SL3
ENSG00000278784,AL136295.7
ENSG00000278811,LINC00624
ENSG00000278816,AL121890.5
ENSG00000278818,Metazoa_SRP
ENSG00000278829,AC099811.5
ENSG00000278831,AL513190.1
ENSG00000278834,AC073508.3
ENSG00000278842,AC008147.4
ENSG00000278849,AL513478.2
ENSG00000278861,AC117503.3
ENSG00000278863,AC091059.2
ENSG00000278864,AC055811.4
ENSG00000278867,AC090616.7
ENSG00000278869,BX539320.1
ENSG00000278873,PRO1804
ENSG00000278876,AC145207.9
ENSG00000278878,CU638689.1
ENSG00000278879,AP000560.1
ENSG00000278891,AC105101.1
ENSG00000278892,AP002371.2
ENSG00000278893,AC010533.1
ENSG00000278896,AC025031.5
ENSG00000278897,AC020951.1
ENSG00000278899,AL358852.1
ENSG00000278900,AC139792.2
ENSG00000278903,CU633906.2
ENSG00000278909,AC007608.4
ENSG00000278916,CEP83-DT
ENSG00000278917,AC006213.6
ENSG00000278920,AC005005.4
ENSG00000278922,AC002310.6
ENSG00000278929,AP001784.1
ENSG00000278931,CR381670.1
ENSG00000278932,CR381653.1
ENSG00000278941,SMG6-IT1
ENSG00000278942,AC004494.2
ENSG00000278948,AL031587.5
ENSG00000278949,AC127070.5
ENSG00000278954,AC130686.1
ENSG00000278959,AC006378.2
ENSG00000278963,AC005921.3
ENSG00000278965,AC122713.2
ENSG00000278966,AL031602.1
ENSG00000278969,AC026310.3
ENSG00000278970,HEIH
ENSG00000278972,AC015920.1
ENSG00000278974,AC093909.6
ENSG00000278975,AC007012.2
ENSG00000278978,AC092611.3
ENSG00000278979,AC007598.3
ENSG00000278982,AL139125.2
ENSG00000278983,AC048380.2
ENSG00000278985,AC092718.7
ENSG00000278986,AC091060.1
ENSG00000278987,AL031009.1
ENSG00000278988,AL356490.1
ENSG00000278990,AL132796.3
ENSG00000278991,AC090181.3
ENSG00000278993,AC002350.2
ENSG00000278996,FP671120.1
ENSG00000278997,AL662907.1
ENSG00000279017,AC098476.1
ENSG00000279019,AC009090.4
ENSG00000279020,C18orf15
ENSG00000279022,AL359715.5
ENSG00000279025,AL356863.1
ENSG00000279026,AC005225.5
ENSG00000279029,AL353583.1
ENSG00000279031,AC004232.3
ENSG00000279034,AC011266.1
ENSG00000279035,AC022211.4
ENSG00000279039,AC011447.6
ENSG00000279048,AC080080.1
ENSG00000279050,PWAR1
ENSG00000279051,OR6Q1
ENSG00000279057,AC141586.4
ENSG00000279058,AGAP14P
ENSG00000279059,AC007485.2
ENSG00000279063,AC008735.5
ENSG00000279066,HEXD-IT1
ENSG00000279069,AC015813.5
ENSG00000279070,AC073263.2
ENSG00000279077,AC023090.2
ENSG00000279078,SND1-IT1
ENSG00000279082,LINC01727
ENSG00000279086,AC073130.3
ENSG00000279087,AC073592.4
ENSG00000279088,AC022400.7
ENSG00000279089,AC005839.1
ENSG00000279092,AC025678.3
ENSG00000279094,LINC01670
ENSG00000279098,AC097460.3
ENSG00000279103,AC138470.1
ENSG00000279106,AC009093.7
ENSG00000279107,AC138951.2
ENSG00000279108,AC008537.3
ENSG00000279114,Z99129.3
ENSG00000279117,AP001972.5
ENSG00000279118,AC093535.2
ENSG00000279122,AC020763.2
ENSG00000279124,IGSF3P1
ENSG00000279130,AC091925.1
ENSG00000279133,AC018628.1
ENSG00000279135,AL512652.2
ENSG00000279138,AP002847.1
ENSG00000279140,AL590326.2
ENSG00000279141,LINC01451
ENSG00000279143,AC139099.4
ENSG00000279144,AC099667.1
ENSG00000279145,AC011912.1
ENSG00000279146,AC063926.2
ENSG00000279147,AC112504.1
ENSG00000279148,AC126474.1
ENSG00000279149,AL356750.1
ENSG00000279152,AC129492.7
ENSG00000279155,AC233300.1
ENSG00000279159,AC003681.1
ENSG00000279161,AC093503.3
ENSG00000279162,AC141586.5
ENSG00000279164,AL118508.3
ENSG00000279165,AC135776.4
ENSG00000279166,AC009951.1
ENSG00000279168,AC105052.3
ENSG00000279175,AL033543.1
ENSG00000279176,AC079316.2
ENSG00000279177,CTBP2P9
ENSG00000279179,AL662907.2
ENSG00000279182,CR559946.2
ENSG00000279186,FP236315.2
ENSG00000279187,AC027601.5
ENSG00000279189,AP003972.1
ENSG00000279191,AC068491.4
ENSG00000279192,PWAR5
ENSG00000279196,AC135048.4
ENSG00000279198,AC008894.3
ENSG00000279199,AC068669.1
ENSG00000279200,AC020558.3
ENSG00000279201,AC073263.3
ENSG00000279202,AC130448.1
ENSG00000279203,AC005785.2
ENSG00000279204,AC134043.2
ENSG00000279205,AC092162.3
ENSG00000279206,AC004943.3
ENSG00000279207,AC015813.6
ENSG00000279208,CR381653.2
ENSG00000279212,AL390961.4
ENSG00000279227,AC009303.4
ENSG00000279232,AC008522.1
ENSG00000279233,AC122688.3
ENSG00000279235,AC011944.2
ENSG00000279236,AC064801.2
ENSG00000279245,FAM223A
ENSG00000279246,AP003108.3
ENSG00000279250,AC022919.1
ENSG00000279253,AL121753.2
ENSG00000279254,AC020604.1
ENSG00000279255,Z97653.2
ENSG00000279256,AL442639.1
ENSG00000279259,AC087741.3
ENSG00000279261,LINC02961
ENSG00000279262,AC010335.2
ENSG00000279263,OR2L8
ENSG00000279265,AC000123.2
ENSG00000279266,AC068860.1
ENSG00000279267,AL078621.3
ENSG00000279269,AP003072.3
ENSG00000279276,AC130454.1
ENSG00000279277,AC012020.1
ENSG00000279278,AC245060.6
ENSG00000279281,AC015883.1
ENSG00000279283,AC131009.4
ENSG00000279294,AC092135.1
ENSG00000279296,PRAL
ENSG00000279303,CU634019.3
ENSG00000279306,AL139288.1
ENSG00000279307,NDUFAF2P1
ENSG00000279311,AC092999.1
ENSG00000279315,AL158212.4
ENSG00000279319,AC105074.1
ENSG00000279320,AC069528.2
ENSG00000279328,AC073439.1
ENSG00000279329,AC020910.5
ENSG00000279330,AJ003147.3
ENSG00000279333,AC096636.1
ENSG00000279341,AP000756.2
ENSG00000279342,AP000866.6
ENSG00000279343,AC127071.1
ENSG00000279344,AC007342.6
ENSG00000279347,AC021945.1
ENSG00000279348,AC012513.3
ENSG00000279349,AC092692.1
ENSG00000279352,AC006557.6
ENSG00000279354,AC090373.1
ENSG00000279355,AGPAT4-IT1
ENSG00000279356,AC007610.4
ENSG00000279357,AC007224.2
ENSG00000279361,AC079331.1
ENSG00000279365,AP000695.3
ENSG00000279366,AC120349.2
ENSG00000279367,AC102797.2
ENSG00000279368,AL031123.3
ENSG00000279369,AC046185.3
ENSG00000279372,AC137723.2
ENSG00000279373,AC027228.3
ENSG00000279384,AC080188.3
ENSG00000279388,AC073578.3
ENSG00000279390,AF127577.6
ENSG00000279392,AL158801.5
ENSG00000279393,AL139005.1
ENSG00000279394,AC015871.4
ENSG00000279400,AC008957.3
ENSG00000279401,AL133383.2
ENSG00000279406,AL359183.1
ENSG00000279407,AC007191.1
ENSG00000279409,AC020658.6
ENSG00000279410,AC099494.1
ENSG00000279415,AC099494.2
ENSG00000279416,AC099689.1
ENSG00000279417,AC019322.4
ENSG00000279423,AL445363.3
ENSG00000279425,AC092279.2
ENSG00000279428,AC087164.2
ENSG00000279430,AL590560.3
ENSG00000279431,AC011840.6
ENSG00000279432,AC015799.1
ENSG00000279433,AC018529.3
ENSG00000279434,AL049776.1
ENSG00000279440,AL008638.3
ENSG00000279441,Z92544.3
ENSG00000279442,AP000542.2
ENSG00000279443,AL513497.1
ENSG00000279446,AC005915.1
ENSG00000279447,AL118508.4
ENSG00000279453,Z99129.4
ENSG00000279455,AC117500.6
ENSG00000279456,AL353763.1
ENSG00000279457,WASH9P
ENSG00000279463,AL159972.1
ENSG00000279464,AC096720.2
ENSG00000279467,AP000350.7
ENSG00000279469,AC109454.4
ENSG00000279470,AC091903.1
ENSG00000279474,AC125437.2
ENSG00000279476,AC092139.4
ENSG00000279480,AC138466.4
ENSG00000279481,AC104791.2
ENSG00000279485,AC016734.2
ENSG00000279488,AC004623.1
ENSG00000279489,AL355377.2
ENSG00000279490,AC109446.4
ENSG00000279491,AP003733.4
ENSG00000279495,AL928654.5
ENSG00000279497,AP003784.1
ENSG00000279499,AL157770.1
ENSG00000279500,AC108704.2
ENSG00000279502,AC016542.2
ENSG00000279513,AL157902.2
ENSG00000279519,AC007382.1
ENSG00000279520,AC093525.8
ENSG00000279525,AC002451.2
ENSG00000279527,AC073592.7
ENSG00000279528,AC115618.3
ENSG00000279529,AC008764.8
ENSG00000279530,AC092881.1
ENSG00000279536,AC093458.2
ENSG00000279537,AC020658.7
ENSG00000279539,AC006486.2
ENSG00000279541,AC005261.6
ENSG00000279544,AL133243.4
ENSG00000279549,AP000437.1
ENSG00000279554,AC130448.2
ENSG00000279555,AC091181.1
ENSG00000279557,AC010435.1
ENSG00000279561,AL845472.1
ENSG00000279565,AL121835.2
ENSG00000279568,AC093525.9
ENSG00000279569,AC020763.4
ENSG00000279570,AC099804.1
ENSG00000279573,AC134407.2
ENSG00000279579,LINC01666
ENSG00000279583,AC009086.3
ENSG00000279584,AC005593.1
ENSG00000279586,AP000711.1
ENSG00000279587,AC006963.1
ENSG00000279589,AC079416.2
ENSG00000279590,AC005786.4
ENSG00000279591,AC002044.2
ENSG00000279592,AC010653.2
ENSG00000279594,AL049780.3
ENSG00000279598,AC009948.5
ENSG00000279600,AC015804.1
ENSG00000279601,AC005052.1
ENSG00000279602,AC109326.1
ENSG00000279604,AC092723.2
ENSG00000279605,AC067930.6
ENSG00000279608,AL353795.3
ENSG00000279609,AL158070.2
ENSG00000279611,AC012313.10
ENSG00000279613,AC124283.5
ENSG00000279616,AL096817.1
ENSG00000279619,AC020907.5
ENSG00000279620,AC099494.3
ENSG00000279623,AL359697.1
ENSG00000279631,AL158211.5
ENSG00000279632,AP003108.4
ENSG00000279633,AL137918.1
ENSG00000279636,LINC00216
ENSG00000279637,AC018445.3
ENSG00000279641,AC120057.4
ENSG00000279645,AC016251.1
ENSG00000279648,AP000432.2
ENSG00000279649,AC020978.10
ENSG00000279653,AC004678.2
ENSG00000279656,AL132780.4
ENSG00000279657,AL161901.1
ENSG00000279659,AL451064.2
ENSG00000279662,AC131649.2
ENSG00000279663,AC104623.2
ENSG00000279665,AC012100.3
ENSG00000279668,AC024610.2
ENSG00000279670,AL359922.3
ENSG00000279672,AP006621.5
ENSG00000279673,AC092919.2
ENSG00000279679,AC091925.2
ENSG00000279682,AC120338.1
ENSG00000279684,AP003969.2
ENSG00000279689,AC022400.8
ENSG00000279691,AC113410.3
ENSG00000279693,AC099521.3
ENSG00000279696,AP001273.1
ENSG00000279698,AC027335.2
ENSG00000279699,AC004264.2
ENSG00000279700,AC131212.2
ENSG00000279701,AP003497.2
ENSG00000279702,AL356266.1
ENSG00000279705,AC092701.1
ENSG00000279708,AC133637.1
ENSG00000279712,FP325330.3
ENSG00000279718,SNX18P12
ENSG00000279721,AC018737.2
ENSG00000279722,AC007342.7
ENSG00000279727,LINC02033
ENSG00000279729,AC092326.2
ENSG00000279730,KMT5AP1
ENSG00000279733,AP001642.1
ENSG00000279738,AL022311.1
ENSG00000279739,AC011369.2
ENSG00000279741,AC007342.8
ENSG00000279742,AP000974.1
ENSG00000279744,AC132938.6
ENSG00000279746,AC092850.2
ENSG00000279748,AC008764.9
ENSG00000279757,AC132068.1
ENSG00000279759,AC118344.2
ENSG00000279765,AC013394.1
ENSG00000279766,AC067931.1
ENSG00000279769,CU639417.3
ENSG00000279775,AC004585.2
ENSG00000279778,AL445437.1
ENSG00000279781,AC079336.6
ENSG00000279785,AC008267.7
ENSG00000279786,AC105235.1
ENSG00000279789,AC120114.4
ENSG00000279791,AC018892.3
ENSG00000279792,AC015909.5
ENSG00000279794,AC024580.1
ENSG00000279796,AL133384.2
ENSG00000279799,AC006077.2
ENSG00000279800,BCLAF1P2
ENSG00000279801,AC111170.3
ENSG00000279803,AC009090.5
ENSG00000279805,Z95114.3
ENSG00000279806,AC018629.1
ENSG00000279810,AL109924.4
ENSG00000279811,AC093330.2
ENSG00000279817,AC073911.3
ENSG00000279819,AL390318.1
ENSG00000279821,AC145098.2
ENSG00000279822,AC016397.2
ENSG00000279829,AC015959.1
ENSG00000279834,AC068870.3
ENSG00000279836,AP002967.1
ENSG00000279837,AC112694.2
ENSG00000279838,AL356273.3
ENSG00000279840,AC004801.7
ENSG00000279841,AC092135.3
ENSG00000279845,AC097372.4
ENSG00000279848,AL008638.4
ENSG00000279851,CR382287.2
ENSG00000279852,AC083964.2
ENSG00000279853,AC004453.2
ENSG00000279856,AC106733.1
ENSG00000279860,AC008568.2
ENSG00000279861,AC073548.1
ENSG00000279862,AC092964.1
ENSG00000279865,AC006511.3
ENSG00000279873,LINC01126
ENSG00000279879,AC091152.4
ENSG00000279880,AC134407.3
ENSG00000279884,AC010894.5
ENSG00000279885,AP005060.1
ENSG00000279886,AC087645.3
ENSG00000279889,AC012183.1
ENSG00000279891,FLJ42393
ENSG00000279894,Z73965.1
ENSG00000279900,AP001767.4
ENSG00000279901,AC092117.2
ENSG00000279904,AC068057.2
ENSG00000279907,AC018695.7
ENSG00000279908,AC026748.1
ENSG00000279910,AL731532.1
ENSG00000279912,AC068448.1
ENSG00000279913,AP001962.1
ENSG00000279917,AC079331.2
ENSG00000279923,AC022417.1
ENSG00000279925,AC144522.1
ENSG00000279933,AL031595.1
ENSG00000279936,AC008806.1
ENSG00000279942,AL353597.3
ENSG00000279943,FLJ38576
ENSG00000279945,AC013489.3
ENSG00000279946,AC244034.3
ENSG00000279948,AC008895.1
ENSG00000279949,AC022784.8
ENSG00000279951,AL138688.2
ENSG00000279953,AC117503.4
ENSG00000279954,BX324167.2
ENSG00000279957,AC110769.3
ENSG00000279958,AC019278.1
ENSG00000279962,AP001525.1
ENSG00000279964,AC009949.1
ENSG00000279965,LINC03032
ENSG00000279967,FP671120.2
ENSG00000279968,CCDC28A-AS1
ENSG00000279971,AC020910.6
ENSG00000279976,AC073862.4
ENSG00000279977,AC008764.10
ENSG00000279981,AC018445.4
ENSG00000279982,AL162274.3
ENSG00000279989,AC011815.3
ENSG00000279995,AC139792.3
ENSG00000279996,AC004491.1
ENSG00000280000,AC009135.2
ENSG00000280003,AC097637.2
ENSG00000280007,AC008079.2
ENSG00000280010,AP001350.2
ENSG00000280014,AC243960.7
ENSG00000280018,CU634019.6
ENSG00000280022,AC126544.2
ENSG00000280023,AD000813.1
ENSG00000280027,AC007342.9
ENSG00000280028,AC007431.3
ENSG00000280033,AC116407.4
ENSG00000280035,AC011676.5
ENSG00000280036,AC020661.5
ENSG00000280037,AC092653.2
ENSG00000280038,DNM1P41
ENSG00000280039,RN7SKP23
ENSG00000280040,SNX7-DT
ENSG00000280042,AC022336.3
ENSG00000280046,AC104581.5
ENSG00000280048,AC012409.5
ENSG00000280053,AC011199.1
ENSG00000280054,AC004241.5
ENSG00000280057,AL022069.2
ENSG00000280063,AC012676.5
ENSG00000280067,AC023818.2
ENSG00000280068,AC138965.3
ENSG00000280069,AC127024.8
ENSG00000280070,AL049833.3
ENSG00000280071,FP565260.6
ENSG00000280073,AL157996.1
ENSG00000280077,AL353763.2
ENSG00000280078,AC016526.3
ENSG00000280079,AC011447.7
ENSG00000280083,AC079777.1
ENSG00000280087,AC011481.3
ENSG00000280088,AC126474.2
ENSG00000280092,AC002044.3
ENSG00000280099,AL603750.1
ENSG00000280103,AC007792.1
ENSG00000280106,AC008555.8
ENSG00000280107,AL022393.1
ENSG00000280113,AL357140.3
ENSG00000280115,AC136603.1
ENSG00000280117,AC122688.4
ENSG00000280119,AC093642.2
ENSG00000280120,AC073857.1
ENSG00000280121,AC010335.3
ENSG00000280122,AC016168.3
ENSG00000280123,AC023632.6
ENSG00000280128,AL662795.2
ENSG00000280129,AL132780.5
ENSG00000280132,AC026471.6
ENSG00000280135,AL096816.1
ENSG00000280136,AC240565.1
ENSG00000280137,AC116348.4
ENSG00000280138,AC027290.2
ENSG00000280143,AP000892.3
ENSG00000280145,CU638689.4
ENSG00000280149,AC004877.2
ENSG00000280152,AC009078.3
ENSG00000280153,AC133065.6
ENSG00000280157,AL359510.2
ENSG00000280160,AC135050.7
ENSG00000280161,AC022413.1
ENSG00000280163,AC040160.2
ENSG00000280164,CU638689.5
ENSG00000280166,AC016542.3
ENSG00000280167,AP000943.4
ENSG00000280169,AL136526.1
ENSG00000280173,AC104447.1
ENSG00000280177,AC004408.2
ENSG00000280181,AC025262.2
ENSG00000280184,AL023806.3
ENSG00000280186,AL359258.3
ENSG00000280187,AC022107.1
ENSG00000280190,AC027279.4
ENSG00000280191,LINC01669
ENSG00000280194,AD000864.1
ENSG00000280195,AC245140.2
ENSG00000280198,AC087163.3
ENSG00000280200,AC073862.5
ENSG00000280202,AC005831.1
ENSG00000280205,AC009716.2
ENSG00000280206,AC026401.3
ENSG00000280207,AC106795.5
ENSG00000280211,AC106886.4
ENSG00000280213,UCKL1-AS1
ENSG00000280214,AC027682.7
ENSG00000280216,AL022326.2
ENSG00000280217,AC126564.1
ENSG00000280219,AC093908.1
ENSG00000280224,AL008636.1
ENSG00000280227,AC079416.3
ENSG00000280228,AC079753.1
ENSG00000280231,AL031719.2
ENSG00000280232,AL589666.2
ENSG00000280234,AC124303.2
ENSG00000280237,MIR4697HG
ENSG00000280238,AC022400.9
ENSG00000280239,AC011498.7
ENSG00000280245,AC079336.7
ENSG00000280247,AC005578.1
ENSG00000280248,AC124319.4
ENSG00000280269,AP000577.1
ENSG00000280273,AF131216.4
ENSG00000280274,AC009145.4
ENSG00000280276,AC009229.4
ENSG00000280277,AL079342.3
ENSG00000280278,FLJ30679
ENSG00000280279,LINC02887
ENSG00000280287,AC131212.3
ENSG00000280288,AC131935.2
ENSG00000280291,AC016251.2
ENSG00000280294,AC011008.2
ENSG00000280303,ERICD
ENSG00000280304,AC104260.2
ENSG00000280307,AP000676.4
ENSG00000280310,AC092437.1
ENSG00000280311,AC131212.4
ENSG00000280312,Z83836.1
ENSG00000280321,AC129502.1
ENSG00000280325,AC074183.2
ENSG00000280327,Z97633.1
ENSG00000280330,CTBP2P10
ENSG00000280332,AC020917.4
ENSG00000280334,AC009084.2
ENSG00000280341,AP000542.3
ENSG00000280347,AC000123.3
ENSG00000280351,AC127496.7
ENSG00000280353,AC011466.4
ENSG00000280355,AL132656.4
ENSG00000280365,AC021766.1
ENSG00000280367,AP002364.1
ENSG00000280372,CR382285.2
ENSG00000280374,AC019080.5
ENSG00000280375,AL359740.1
ENSG00000280376,AC012186.3
ENSG00000280378,AL353898.3
ENSG00000280379,AP003072.5
ENSG00000280381,AC026362.2
ENSG00000280383,Z95331.1
ENSG00000280384,FP325332.1
ENSG00000280385,AP000648.3
ENSG00000280387,AL109806.1
ENSG00000280388,AC006330.1
ENSG00000280392,AC007496.3
ENSG00000280394,AC011471.3
ENSG00000280399,AC022497.1
ENSG00000280401,AC022532.1
ENSG00000280402,AC093525.10
ENSG00000280406,AC104985.3
ENSG00000280407,AC132872.4
ENSG00000280411,IGHV1-69D
ENSG00000280414,AC018470.1
ENSG00000280417,AC096887.2
ENSG00000280420,AC005355.2
ENSG00000280422,AC115284.2
ENSG00000280425,AL357673.2
ENSG00000280426,AC084876.2
ENSG00000280430,AP002782.1
ENSG00000280431,AL160394.1
ENSG00000280432,AP000962.2
ENSG00000280433,FP565260.7
ENSG00000280434,AL031595.3
ENSG00000280435,AC006058.4
ENSG00000280441,FP236383.1
ENSG00000280537,AC068946.1
ENSG00000280543,ASAP1-IT2
ENSG00000280571,AC099329.3
ENSG00000280587,LINC01348
ENSG00000280594,BTG3-AS1
ENSG00000280604,AJ239328.1
ENSG00000280614,FP236383.2
ENSG00000280649,AC245100.8
ENSG00000280683,LINC01242
ENSG00000280703,AC060814.5
ENSG00000280710,AL139035.1
ENSG00000280734,LINC01232
ENSG00000280739,EIF1B-AS1
ENSG00000280758,AL356481.3
ENSG00000280798,LINC00294
ENSG00000280800,FP671120.3
ENSG00000280828,AC090114.3
ENSG00000280832,GSEC
ENSG00000280837,CPS1-IT1
ENSG00000280850,AL121956.4
ENSG00000280852,AC025048.6
ENSG00000280924,LINC00628
ENSG00000280927,CTBP1-AS
ENSG00000280997,CCAT2
ENSG00000281005,LINC00921
ENSG00000281026,N4BP2L2-IT2
ENSG00000281091,AL606763.1
ENSG00000281100,AC105749.1
ENSG00000281103,TRG-AS1
ENSG00000281162,LINC01127
ENSG00000281179,AC135068.8
ENSG00000281181,FP236383.3
ENSG00000281183,NPTN-IT1
ENSG00000281189,GHET1
ENSG00000281195,AC007878.1
ENSG00000281202,LINC01097
ENSG00000281207,SLFNL1-AS1
ENSG00000281332,LINC00997
ENSG00000281344,HELLPAR
ENSG00000281348,AC120114.5
ENSG00000281357,ARRDC3-AS1
ENSG00000281358,RASSF1-AS1
ENSG00000281376,ABALON
ENSG00000281379,SEPTIN14P19
ENSG00000281392,LINC00506
ENSG00000281398,SNHG4
ENSG00000281404,LINC01176
ENSG00000281406,BLACAT1
ENSG00000281450,PANDAR
ENSG00000281453,TGFB2-OT1
ENSG00000281468,AC006504.8
ENSG00000281469,AC019226.1
ENSG00000281501,SEPSECS-AS1
ENSG00000281530,AC004461.2
ENSG00000281538,AC254562.3
ENSG00000281571,AC241585.3
ENSG00000281641,SAMD12-AS1
ENSG00000281649,EBLN3P
ENSG00000281655,AP000851.2
ENSG00000281691,RBM5-AS1
ENSG00000281706,LINC01012
ENSG00000281708,ERC2-IT1
ENSG00000281731,METTL14-DT
ENSG00000281741,AC241377.3
ENSG00000281772,AC019226.2
ENSG00000281831,HCP5B
ENSG00000281849,AL732314.6
ENSG00000281852,LINC00891
ENSG00000281880,PAUPAR
ENSG00000281903,ASMER1
ENSG00000281912,LINC01144
ENSG00000281974,AC025268.1
ENSG00000282021,AC100810.3
ENSG00000282033,AC074387.1
ENSG00000282034,AC106886.5
ENSG00000282057,AC092807.3
ENSG00000282059,CICP19
ENSG00000282100,HSP90AB4P
ENSG00000282142,AC245187.2
ENSG00000282164,PEG13
ENSG00000282221,AC119427.1
ENSG00000282246,AL157392.5
ENSG00000282308,DPRXP3
ENSG00000282339,AC010507.2
ENSG00000282381,AC104073.4
ENSG00000282386,AL358472.4
ENSG00000282390,AL392083.1
ENSG00000282393,AC016588.2
ENSG00000282413,AL133461.1
ENSG00000282419,TEX13D
ENSG00000282458,WASH5P
ENSG00000282508,LINC01002
ENSG00000282591,FAM138F
ENSG00000282728,PGR-AS1
ENSG00000282742,AC093323.3
ENSG00000282798,AC008993.2
ENSG00000282804,AL512428.1
ENSG00000282826,FRG1CP
ENSG00000282840,MSL3-DT
ENSG00000282849,AL359834.1
ENSG00000282851,BISPR
ENSG00000282855,AC093591.3
ENSG00000282859,AC003992.1
ENSG00000282860,AC084035.1
ENSG00000282864,AL356118.1
ENSG00000282876,Z98752.4
ENSG00000282885,AL627171.2
ENSG00000282907,Z98883.1
ENSG00000282915,AC091769.2
ENSG00000282924,AC136428.4
ENSG00000282925,AC010424.3
ENSG00000282933,RHOXF1P3
ENSG00000282936,AC004706.4
ENSG00000282951,AC008537.4
ENSG00000282961,PRNCR1
ENSG00000282964,AC026108.1
ENSG00000282977,PCBP2-OT1
ENSG00000282978,BTF3P16
ENSG00000282980,AC055839.1
ENSG00000282988,HIST1H3D
ENSG00000282989,PDCL3P2
ENSG00000282997,AL162456.1
ENSG00000283016,ATP5MC1P2
ENSG00000283031,AC009242.1
ENSG00000283039,KLF18
ENSG00000283041,AC008038.1
ENSG00000283045,AC103703.1
ENSG00000283050,GTF2IP12
ENSG00000283052,LINC02456
ENSG00000283053,AL390862.1
ENSG00000283057,AC010653.3
ENSG00000283064,H2BC6-AS1
ENSG00000283078,AL137077.2
ENSG00000283083,LINC02498
ENSG00000283088,AC010487.3
ENSG00000283096,AL731555.1
ENSG00000283097,AL159152.1
ENSG00000283101,BMS1P21
ENSG00000283103,AC010642.2
ENSG00000283108,AC011451.3
ENSG00000283117,MGC4859
ENSG00000283122,HYMAI
ENSG00000283125,AC022726.2
ENSG00000283128,AC009403.2
ENSG00000283138,AC006207.1
ENSG00000283189,AC104452.1
ENSG00000283196,AC006453.2
ENSG00000283199,C13orf46
ENSG00000283208,AC001226.2
ENSG00000283236,AC074141.1
ENSG00000283239,KBTBD11-OT1
ENSG00000283268,TEX54
ENSG00000283288,SMIM33
ENSG00000283293,RN7SK
ENSG00000283297,TEX52
ENSG00000283312,AC017104.4
ENSG00000283321,AC019117.3
ENSG00000283341,AC068205.2
ENSG00000283345,MPHOSPH10P3
ENSG00000283349,PFN5P
ENSG00000283352,LINC00680-GUSBP4
ENSG00000283355,AC074194.2
ENSG00000283380,AL807742.1
ENSG00000283384,AL138694.1
ENSG00000283408,MIR548A1HG
ENSG00000283415,AC087280.2
ENSG00000283444,GPR141BP
ENSG00000283445,AL136985.3
ENSG00000283453,PRIM2BP
ENSG00000283480,AL512380.2
ENSG00000283483,AC068205.4
ENSG00000283515,AC020915.6
ENSG00000283516,LITAFD
ENSG00000283517,AC005144.1
ENSG00000283518,LINC02775
ENSG00000283529,AL035685.1
ENSG00000283537,AC073264.4
ENSG00000283549,AC007161.3
ENSG00000283554,LINC02341
ENSG00000283559,CEP192P1
ENSG00000283563,AC098650.1
ENSG00000283578,MTND5P42
ENSG00000283580,AC098484.3
ENSG00000283587,AC092471.2
ENSG00000283608,AL031056.2
ENSG00000283635,AC012485.3
ENSG00000283638,MIR106AHG
ENSG00000283646,LINC02009
ENSG00000283667,AC009802.1
ENSG00000283669,CD200LP
ENSG00000283674,AC068587.6
ENSG00000283679,AC025278.3
ENSG00000283683,MYOCOS
ENSG00000283696,AL592295.4
ENSG00000283709,FAM238C
ENSG00000283737,AL023875.1
ENSG00000283757,AL031686.1
ENSG00000283761,AC118553.2
ENSG00000283765,AC131160.1
ENSG00000283769,CR392000.2
ENSG00000283782,AC116366.3
ENSG00000283809,AC007326.4
ENSG00000283828,AL137002.2
ENSG00000283839,AC096667.1
ENSG00000283849,AC092053.2
ENSG00000283886,BX664615.2
ENSG00000283897,AC011416.4
ENSG00000283913,AL512662.2
ENSG00000283930,PLD5P1
ENSG00000283932,AL121722.1
ENSG00000283945,REXO6P
ENSG00000283959,AP002851.1
ENSG00000283977,AC084337.2
ENSG00000283982,AL445623.2
ENSG00000283994,AC092652.3
ENSG00000284052,AC006460.2
ENSG00000284060,AC002472.2
ENSG00000284095,AC055733.4
ENSG00000284116,AL772307.1
ENSG00000284128,BCRP3
ENSG00000284138,ATP6V0CP4
ENSG00000284196,AL158064.2
ENSG00000284240,LINC02801
ENSG00000284292,AC004922.1
ENSG00000284294,AC007326.5
ENSG00000284428,AC092329.4
ENSG00000284431,AL022238.4
ENSG00000284461,RABGEF1
ENSG00000284471,CR769775.4
ENSG00000284491,THSD8
ENSG00000284513,AC006063.2
ENSG00000284523,AC004834.1
ENSG00000284540,AC066615.1
ENSG00000284543,LINC01226
ENSG00000284602,AL031432.4
ENSG00000284606,AC105233.5
ENSG00000284610,AC107918.4
ENSG00000284618,AL391294.1
ENSG00000284620,AF228730.7
ENSG00000284624,AC092902.5
ENSG00000284626,AC091167.8
ENSG00000284630,AP000553.4
ENSG00000284631,SCYGR4
ENSG00000284634,AC092821.3
ENSG00000284640,AL590434.1
ENSG00000284642,AL139424.2
ENSG00000284644,AC074386.1
ENSG00000284649,AC009093.8
ENSG00000284657,AL031432.5
ENSG00000284661,AC105233.6
ENSG00000284664,AL161756.3
ENSG00000284669,AC092053.3
ENSG00000284670,RPSAP56
ENSG00000284671,AC009093.9
ENSG00000284672,AC109583.3
ENSG00000284681,AC007240.1
ENSG00000284685,AC009093.10
ENSG00000284686,AC119674.2
ENSG00000284688,BTN1A1P1
ENSG00000284691,AC073111.5
ENSG00000284693,LINC02606
ENSG00000284697,AC006511.5
ENSG00000284707,AC079781.5
ENSG00000284709,KF456110.1
ENSG00000284719,AL033527.5
ENSG00000284721,AL662907.3
ENSG00000284727,AC116562.4
ENSG00000284734,AC099063.4
ENSG00000284735,AL139424.3
ENSG00000284737,BX649567.1
ENSG00000284738,AL358472.5
ENSG00000284743,AL139254.3
ENSG00000284747,AL034417.4
ENSG00000284748,AL513220.1
ENSG00000284791,SMIM41
ENSG00000284830,LOC101928718
ENSG00000284842,FAM91A2P
ENSG00000284846,LOC105378831
ENSG00000284879,NCAL1
ENSG00000284883,KRT88P
ENSG00000284934,LOC128125816
ENSG00000284948,LOC254896
ENSG00000284959,TSHR-AS1
ENSG00000284976,LOC122513141
ENSG00000284977,LOC105376244
ENSG00000285043,LOC112694756
ENSG00000285090,COL1A2-AS1
ENSG00000285103,EMICERI
ENSG00000285151,SMN2-AS1
ENSG00000285204,SMN-AS1
ENSG00000285210,LINC02795
ENSG00000285219,HULC
ENSG00000285230,RALY-AS1
ENSG00000285244,DINOL
ENSG00000285254,LOC124902392
ENSG00000285278,TFAP2A-AS2
ENSG00000285280,RGS2-AS1
ENSG00000285331,TCF12-DT
ENSG00000285336,LINC03184
ENSG00000285410,GABPB1-IT1
ENSG00000285413,LOC105377139
ENSG00000285427,SOD2-OT1
ENSG00000285448,LNCARGI
ENSG00000285467,DHRS4L1
ENSG00000285492,LOC112267968
ENSG00000285533,RELA-DT
ENSG00000285551,LINC02929
ENSG00000285554,LINC02988
ENSG00000285566,LOC647264
ENSG00000285578,LIRIL2R
ENSG00000285665,TOP1P1
ENSG00000285677,LOC105371729
ENSG00000285683,LOC105375775
ENSG00000285706,LOC124902229
ENSG00000285737,LINC02680
ENSG00000285744,MITA1
ENSG00000285761,LOC107987440
ENSG00000285768,LINC02849
ENSG00000285781,LOC100505502
ENSG00000285793,ANAPC1P2
ENSG00000285802,LOC107984928
ENSG00000285823,LINC02793
ENSG00000285825,CCDC15-DT
ENSG00000285844,KCNQ5-DT
ENSG00000285872,LOC101929691
ENSG00000285886,LOC124901671
ENSG00000285943,SPICE1-CFAP44
ENSG00000285967,NIPBL-DT
ENSG00000285972,CERNA2
ENSG00000285976,LOC128125822
